Driver,Team,LapNumber,LapTime,TyreLife,Compound,Stint,LapTimeSec
VER,Red Bull Racing,5.0,0 days 00:01:15.745000,6.0,SOFT,3.0,75.745
VER,Red Bull Racing,6.0,0 days 00:01:15.547000,7.0,SOFT,3.0,75.547
VER,Red Bull Racing,7.0,0 days 00:01:15.591000,8.0,SOFT,3.0,75.591
VER,Red Bull Racing,8.0,0 days 00:01:15.864000,9.0,SOFT,3.0,75.864
VER,Red Bull Racing,9.0,0 days 00:01:16.169000,10.0,SOFT,3.0,76.169
VER,Red Bull Racing,10.0,0 days 00:01:15.989000,11.0,SOFT,3.0,75.989
VER,Red Bull Racing,11.0,0 days 00:01:16.272000,12.0,SOFT,3.0,76.272
VER,Red Bull Racing,12.0,0 days 00:01:15.879000,13.0,SOFT,3.0,75.879
VER,Red Bull Racing,13.0,0 days 00:01:16.299000,14.0,SOFT,3.0,76.299
VER,Red Bull Racing,14.0,0 days 00:01:16.080000,15.0,SOFT,3.0,76.08
VER,Red Bull Racing,15.0,0 days 00:01:16.408000,16.0,SOFT,3.0,76.408
VER,Red Bull Racing,16.0,0 days 00:01:16.305000,17.0,SOFT,3.0,76.305
VER,Red Bull Racing,17.0,0 days 00:01:16.170000,18.0,SOFT,3.0,76.17
VER,Red Bull Racing,18.0,0 days 00:01:16.341000,19.0,SOFT,3.0,76.341
VER,Red Bull Racing,19.0,0 days 00:01:16.047000,20.0,SOFT,3.0,76.047
VER,Red Bull Racing,20.0,0 days 00:01:15.996000,21.0,SOFT,3.0,75.996
VER,Red Bull Racing,21.0,0 days 00:01:16.207000,22.0,SOFT,3.0,76.207
VER,Red Bull Racing,22.0,0 days 00:01:16.206000,23.0,SOFT,3.0,76.206
VER,Red Bull Racing,23.0,0 days 00:01:16.026000,24.0,SOFT,3.0,76.026
VER,Red Bull Racing,24.0,0 days 00:01:16.397000,25.0,SOFT,3.0,76.397
VER,Red Bull Racing,25.0,0 days 00:01:16.269000,26.0,SOFT,3.0,76.269
VER,Red Bull Racing,26.0,0 days 00:01:16.435000,27.0,SOFT,3.0,76.435
VER,Red Bull Racing,27.0,0 days 00:01:20.264000,28.0,SOFT,3.0,80.264
VER,Red Bull Racing,29.0,0 days 00:01:15.713000,2.0,MEDIUM,4.0,75.713
VER,Red Bull Racing,30.0,0 days 00:01:15.799000,3.0,MEDIUM,4.0,75.799
VER,Red Bull Racing,31.0,0 days 00:01:15.787000,4.0,MEDIUM,4.0,75.787
VER,Red Bull Racing,32.0,0 days 00:01:15.439000,5.0,MEDIUM,4.0,75.439
VER,Red Bull Racing,33.0,0 days 00:01:15.174000,6.0,MEDIUM,4.0,75.174
VER,Red Bull Racing,34.0,0 days 00:01:15.115000,7.0,MEDIUM,4.0,75.115
VER,Red Bull Racing,35.0,0 days 00:01:15.157000,8.0,MEDIUM,4.0,75.157
VER,Red Bull Racing,36.0,0 days 00:01:15.125000,9.0,MEDIUM,4.0,75.125
VER,Red Bull Racing,37.0,0 days 00:01:14.682000,10.0,MEDIUM,4.0,74.682
VER,Red Bull Racing,38.0,0 days 00:01:14.954000,11.0,MEDIUM,4.0,74.954
VER,Red Bull Racing,39.0,0 days 00:01:14.974000,12.0,MEDIUM,4.0,74.974
VER,Red Bull Racing,40.0,0 days 00:01:15.218000,13.0,MEDIUM,4.0,75.218
VER,Red Bull Racing,41.0,0 days 00:01:15.355000,14.0,MEDIUM,4.0,75.355
VER,Red Bull Racing,42.0,0 days 00:01:15.202000,15.0,MEDIUM,4.0,75.202
VER,Red Bull Racing,43.0,0 days 00:01:15.052000,16.0,MEDIUM,4.0,75.052
VER,Red Bull Racing,44.0,0 days 00:01:15.320000,17.0,MEDIUM,4.0,75.32
VER,Red Bull Racing,45.0,0 days 00:01:15.471000,18.0,MEDIUM,4.0,75.471
VER,Red Bull Racing,46.0,0 days 00:01:15.329000,19.0,MEDIUM,4.0,75.329
VER,Red Bull Racing,47.0,0 days 00:01:15.362000,20.0,MEDIUM,4.0,75.362
VER,Red Bull Racing,48.0,0 days 00:01:15.524000,21.0,MEDIUM,4.0,75.524
VER,Red Bull Racing,49.0,0 days 00:01:15.442000,22.0,MEDIUM,4.0,75.442
VER,Red Bull Racing,50.0,0 days 00:01:15.436000,23.0,MEDIUM,4.0,75.436
VER,Red Bull Racing,51.0,0 days 00:01:15.440000,24.0,MEDIUM,4.0,75.44
VER,Red Bull Racing,52.0,0 days 00:01:15.390000,25.0,MEDIUM,4.0,75.39
VER,Red Bull Racing,53.0,0 days 00:01:15.306000,26.0,MEDIUM,4.0,75.306
VER,Red Bull Racing,54.0,0 days 00:01:15.388000,27.0,MEDIUM,4.0,75.388
VER,Red Bull Racing,55.0,0 days 00:01:15.521000,28.0,MEDIUM,4.0,75.521
VER,Red Bull Racing,56.0,0 days 00:01:19.309000,29.0,MEDIUM,4.0,79.309
VER,Red Bull Racing,58.0,0 days 00:01:14.044000,2.0,SOFT,5.0,74.044
VER,Red Bull Racing,59.0,0 days 00:01:14.089000,3.0,SOFT,5.0,74.089
VER,Red Bull Racing,60.0,0 days 00:01:14.265000,4.0,SOFT,5.0,74.265
VER,Red Bull Racing,61.0,0 days 00:01:14.584000,5.0,SOFT,5.0,74.584
VER,Red Bull Racing,62.0,0 days 00:01:14.512000,6.0,SOFT,5.0,74.512
VER,Red Bull Racing,63.0,0 days 00:01:14.349000,7.0,SOFT,5.0,74.349
VER,Red Bull Racing,64.0,0 days 00:01:14.093000,8.0,SOFT,5.0,74.093
VER,Red Bull Racing,65.0,0 days 00:01:14.016000,9.0,SOFT,5.0,74.016
VER,Red Bull Racing,66.0,0 days 00:01:13.766000,10.0,SOFT,5.0,73.766
VER,Red Bull Racing,67.0,0 days 00:01:13.530000,11.0,SOFT,5.0,73.53
VER,Red Bull Racing,68.0,0 days 00:01:13.422000,12.0,SOFT,5.0,73.422
VER,Red Bull Racing,69.0,0 days 00:01:14.059000,13.0,SOFT,5.0,74.059
VER,Red Bull Racing,70.0,0 days 00:01:13.568000,14.0,SOFT,5.0,73.568
VER,Red Bull Racing,71.0,0 days 00:01:13.935000,15.0,SOFT,5.0,73.935
NOR,McLaren,5.0,0 days 00:01:16.231000,3.0,SOFT,3.0,76.231
NOR,McLaren,6.0,0 days 00:01:14.940000,4.0,SOFT,3.0,74.94
NOR,McLaren,7.0,0 days 00:01:15.428000,5.0,SOFT,3.0,75.428
NOR,McLaren,8.0,0 days 00:01:16.737000,6.0,SOFT,3.0,76.737
NOR,McLaren,9.0,0 days 00:01:16.576000,7.0,SOFT,3.0,76.576
NOR,McLaren,10.0,0 days 00:01:16.671000,8.0,SOFT,3.0,76.671
NOR,McLaren,11.0,0 days 00:01:16.043000,9.0,SOFT,3.0,76.043
NOR,McLaren,12.0,0 days 00:01:16.015000,10.0,SOFT,3.0,76.015
NOR,McLaren,13.0,0 days 00:01:16.365000,11.0,SOFT,3.0,76.365
NOR,McLaren,14.0,0 days 00:01:16.270000,12.0,SOFT,3.0,76.27
NOR,McLaren,15.0,0 days 00:01:16.174000,13.0,SOFT,3.0,76.174
NOR,McLaren,16.0,0 days 00:01:16.504000,14.0,SOFT,3.0,76.504
NOR,McLaren,17.0,0 days 00:01:16.515000,15.0,SOFT,3.0,76.515
NOR,McLaren,18.0,0 days 00:01:16.267000,16.0,SOFT,3.0,76.267
NOR,McLaren,19.0,0 days 00:01:16.058000,17.0,SOFT,3.0,76.058
NOR,McLaren,20.0,0 days 00:01:16.330000,18.0,SOFT,3.0,76.33
NOR,McLaren,21.0,0 days 00:01:16.355000,19.0,SOFT,3.0,76.355
NOR,McLaren,22.0,0 days 00:01:16.196000,20.0,SOFT,3.0,76.196
NOR,McLaren,23.0,0 days 00:01:16.343000,21.0,SOFT,3.0,76.343
NOR,McLaren,24.0,0 days 00:01:16.512000,22.0,SOFT,3.0,76.512
NOR,McLaren,25.0,0 days 00:01:16.315000,23.0,SOFT,3.0,76.315
NOR,McLaren,26.0,0 days 00:01:16.264000,24.0,SOFT,3.0,76.264
NOR,McLaren,27.0,0 days 00:01:20.818000,25.0,SOFT,3.0,80.818
NOR,McLaren,29.0,0 days 00:01:15.691000,2.0,MEDIUM,4.0,75.691
NOR,McLaren,30.0,0 days 00:01:16.200000,3.0,MEDIUM,4.0,76.2
NOR,McLaren,31.0,0 days 00:01:15.553000,4.0,MEDIUM,4.0,75.553
NOR,McLaren,32.0,0 days 00:01:15.333000,5.0,MEDIUM,4.0,75.333
NOR,McLaren,33.0,0 days 00:01:15.266000,6.0,MEDIUM,4.0,75.266
NOR,McLaren,34.0,0 days 00:01:15.053000,7.0,MEDIUM,4.0,75.053
NOR,McLaren,35.0,0 days 00:01:14.985000,8.0,MEDIUM,4.0,74.985
NOR,McLaren,36.0,0 days 00:01:14.845000,9.0,MEDIUM,4.0,74.845
NOR,McLaren,37.0,0 days 00:01:14.927000,10.0,MEDIUM,4.0,74.927
NOR,McLaren,38.0,0 days 00:01:14.940000,11.0,MEDIUM,4.0,74.94
NOR,McLaren,39.0,0 days 00:01:15.071000,12.0,MEDIUM,4.0,75.071
NOR,McLaren,40.0,0 days 00:01:15.273000,13.0,MEDIUM,4.0,75.273
NOR,McLaren,41.0,0 days 00:01:15.427000,14.0,MEDIUM,4.0,75.427
NOR,McLaren,42.0,0 days 00:01:15.502000,15.0,MEDIUM,4.0,75.502
NOR,McLaren,43.0,0 days 00:01:15.199000,16.0,MEDIUM,4.0,75.199
NOR,McLaren,44.0,0 days 00:01:15.620000,17.0,MEDIUM,4.0,75.62
NOR,McLaren,45.0,0 days 00:01:15.651000,18.0,MEDIUM,4.0,75.651
NOR,McLaren,46.0,0 days 00:01:15.585000,19.0,MEDIUM,4.0,75.585
NOR,McLaren,47.0,0 days 00:01:15.572000,20.0,MEDIUM,4.0,75.572
NOR,McLaren,48.0,0 days 00:01:15.496000,21.0,MEDIUM,4.0,75.496
NOR,McLaren,49.0,0 days 00:01:15.655000,22.0,MEDIUM,4.0,75.655
NOR,McLaren,50.0,0 days 00:01:15.696000,23.0,MEDIUM,4.0,75.696
NOR,McLaren,51.0,0 days 00:01:15.819000,24.0,MEDIUM,4.0,75.819
NOR,McLaren,52.0,0 days 00:01:15.414000,25.0,MEDIUM,4.0,75.414
NOR,McLaren,53.0,0 days 00:01:15.323000,26.0,MEDIUM,4.0,75.323
NOR,McLaren,54.0,0 days 00:01:15.513000,27.0,MEDIUM,4.0,75.513
NOR,McLaren,55.0,0 days 00:01:15.643000,28.0,MEDIUM,4.0,75.643
NOR,McLaren,56.0,0 days 00:01:15.709000,29.0,MEDIUM,4.0,75.709
NOR,McLaren,57.0,0 days 00:01:15.629000,30.0,MEDIUM,4.0,75.629
NOR,McLaren,58.0,0 days 00:01:15.813000,31.0,MEDIUM,4.0,75.813
NOR,McLaren,59.0,0 days 00:01:19.796000,32.0,MEDIUM,4.0,79.796
NOR,McLaren,61.0,0 days 00:01:12.486000,5.0,SOFT,5.0,72.486
NOR,McLaren,62.0,0 days 00:01:13.810000,6.0,SOFT,5.0,73.81
NOR,McLaren,63.0,0 days 00:01:13.367000,7.0,SOFT,5.0,73.367
NOR,McLaren,64.0,0 days 00:01:13.668000,8.0,SOFT,5.0,73.668
NOR,McLaren,65.0,0 days 00:01:13.676000,9.0,SOFT,5.0,73.676
NOR,McLaren,66.0,0 days 00:01:13.373000,10.0,SOFT,5.0,73.373
NOR,McLaren,67.0,0 days 00:01:13.323000,11.0,SOFT,5.0,73.323
NOR,McLaren,68.0,0 days 00:01:13.586000,12.0,SOFT,5.0,73.586
NOR,McLaren,69.0,0 days 00:01:13.687000,13.0,SOFT,5.0,73.687
NOR,McLaren,70.0,0 days 00:01:13.462000,14.0,SOFT,5.0,73.462
NOR,McLaren,71.0,0 days 00:01:14.245000,15.0,SOFT,5.0,74.245
ALO,Aston Martin,5.0,0 days 00:01:16.483000,6.0,SOFT,3.0,76.483
ALO,Aston Martin,6.0,0 days 00:01:15.925000,7.0,SOFT,3.0,75.925
ALO,Aston Martin,7.0,0 days 00:01:15.972000,8.0,SOFT,3.0,75.972
ALO,Aston Martin,8.0,0 days 00:01:16.111000,9.0,SOFT,3.0,76.111
ALO,Aston Martin,9.0,0 days 00:01:16.277000,10.0,SOFT,3.0,76.277
ALO,Aston Martin,10.0,0 days 00:01:16.250000,11.0,SOFT,3.0,76.25
ALO,Aston Martin,11.0,0 days 00:01:16.412000,12.0,SOFT,3.0,76.412
ALO,Aston Martin,12.0,0 days 00:01:16.484000,13.0,SOFT,3.0,76.484
ALO,Aston Martin,13.0,0 days 00:01:16.336000,14.0,SOFT,3.0,76.336
ALO,Aston Martin,14.0,0 days 00:01:16.341000,15.0,SOFT,3.0,76.341
ALO,Aston Martin,15.0,0 days 00:01:16.398000,16.0,SOFT,3.0,76.398
ALO,Aston Martin,16.0,0 days 00:01:16.388000,17.0,SOFT,3.0,76.388
ALO,Aston Martin,17.0,0 days 00:01:16.617000,18.0,SOFT,3.0,76.617
ALO,Aston Martin,18.0,0 days 00:01:16.954000,19.0,SOFT,3.0,76.954
ALO,Aston Martin,19.0,0 days 00:01:16.510000,20.0,SOFT,3.0,76.51
ALO,Aston Martin,20.0,0 days 00:01:16.853000,21.0,SOFT,3.0,76.853
ALO,Aston Martin,21.0,0 days 00:01:16.615000,22.0,SOFT,3.0,76.615
ALO,Aston Martin,22.0,0 days 00:01:16.500000,23.0,SOFT,3.0,76.5
ALO,Aston Martin,23.0,0 days 00:01:16.687000,24.0,SOFT,3.0,76.687
ALO,Aston Martin,24.0,0 days 00:01:17.281000,25.0,SOFT,3.0,77.281
ALO,Aston Martin,25.0,0 days 00:01:20.972000,26.0,SOFT,3.0,80.972
ALO,Aston Martin,27.0,0 days 00:01:16.331000,2.0,MEDIUM,4.0,76.331
ALO,Aston Martin,28.0,0 days 00:01:16.202000,3.0,MEDIUM,4.0,76.202
ALO,Aston Martin,29.0,0 days 00:01:16.128000,4.0,MEDIUM,4.0,76.128
ALO,Aston Martin,30.0,0 days 00:01:16.059000,5.0,MEDIUM,4.0,76.059
ALO,Aston Martin,31.0,0 days 00:01:16.095000,6.0,MEDIUM,4.0,76.095
ALO,Aston Martin,32.0,0 days 00:01:16.028000,7.0,MEDIUM,4.0,76.028
ALO,Aston Martin,33.0,0 days 00:01:15.836000,8.0,MEDIUM,4.0,75.836
ALO,Aston Martin,34.0,0 days 00:01:15.849000,9.0,MEDIUM,4.0,75.849
ALO,Aston Martin,35.0,0 days 00:01:15.721000,10.0,MEDIUM,4.0,75.721
ALO,Aston Martin,36.0,0 days 00:01:15.944000,11.0,MEDIUM,4.0,75.944
ALO,Aston Martin,37.0,0 days 00:01:15.701000,12.0,MEDIUM,4.0,75.701
ALO,Aston Martin,38.0,0 days 00:01:15.949000,13.0,MEDIUM,4.0,75.949
ALO,Aston Martin,39.0,0 days 00:01:16.015000,14.0,MEDIUM,4.0,76.015
ALO,Aston Martin,40.0,0 days 00:01:16.070000,15.0,MEDIUM,4.0,76.07
ALO,Aston Martin,41.0,0 days 00:01:16.136000,16.0,MEDIUM,4.0,76.136
ALO,Aston Martin,42.0,0 days 00:01:16.262000,17.0,MEDIUM,4.0,76.262
ALO,Aston Martin,43.0,0 days 00:01:15.773000,18.0,MEDIUM,4.0,75.773
ALO,Aston Martin,44.0,0 days 00:01:15.836000,19.0,MEDIUM,4.0,75.836
ALO,Aston Martin,45.0,0 days 00:01:15.912000,20.0,MEDIUM,4.0,75.912
ALO,Aston Martin,46.0,0 days 00:01:15.740000,21.0,MEDIUM,4.0,75.74
ALO,Aston Martin,47.0,0 days 00:01:19.763000,22.0,MEDIUM,4.0,79.763
ALO,Aston Martin,49.0,0 days 00:01:15.582000,2.0,SOFT,5.0,75.582
ALO,Aston Martin,50.0,0 days 00:01:15.783000,3.0,SOFT,5.0,75.783
ALO,Aston Martin,51.0,0 days 00:01:15.390000,4.0,SOFT,5.0,75.39
ALO,Aston Martin,52.0,0 days 00:01:15.345000,5.0,SOFT,5.0,75.345
ALO,Aston Martin,53.0,0 days 00:01:14.796000,6.0,SOFT,5.0,74.796
ALO,Aston Martin,54.0,0 days 00:01:14.442000,7.0,SOFT,5.0,74.442
ALO,Aston Martin,55.0,0 days 00:01:14.695000,8.0,SOFT,5.0,74.695
ALO,Aston Martin,56.0,0 days 00:01:14.765000,9.0,SOFT,5.0,74.765
ALO,Aston Martin,57.0,0 days 00:01:14.694000,10.0,SOFT,5.0,74.694
ALO,Aston Martin,58.0,0 days 00:01:14.523000,11.0,SOFT,5.0,74.523
ALO,Aston Martin,59.0,0 days 00:01:14.677000,12.0,SOFT,5.0,74.677
ALO,Aston Martin,60.0,0 days 00:01:14.999000,13.0,SOFT,5.0,74.999
ALO,Aston Martin,61.0,0 days 00:01:14.912000,14.0,SOFT,5.0,74.912
ALO,Aston Martin,62.0,0 days 00:01:14.674000,15.0,SOFT,5.0,74.674
ALO,Aston Martin,63.0,0 days 00:01:14.652000,16.0,SOFT,5.0,74.652
ALO,Aston Martin,64.0,0 days 00:01:14.517000,17.0,SOFT,5.0,74.517
ALO,Aston Martin,65.0,0 days 00:01:14.601000,18.0,SOFT,5.0,74.601
ALO,Aston Martin,66.0,0 days 00:01:14.556000,19.0,SOFT,5.0,74.556
ALO,Aston Martin,67.0,0 days 00:01:14.526000,20.0,SOFT,5.0,74.526
ALO,Aston Martin,68.0,0 days 00:01:14.943000,21.0,SOFT,5.0,74.943
ALO,Aston Martin,69.0,0 days 00:01:15.011000,22.0,SOFT,5.0,75.011
ALO,Aston Martin,70.0,0 days 00:01:16.364000,23.0,SOFT,5.0,76.364
ALO,Aston Martin,71.0,0 days 00:01:15.448000,24.0,SOFT,5.0,75.448
PER,Red Bull Racing,5.0,0 days 00:01:17.043000,6.0,SOFT,3.0,77.043
PER,Red Bull Racing,6.0,0 days 00:01:16.294000,7.0,SOFT,3.0,76.294
PER,Red Bull Racing,7.0,0 days 00:01:16.365000,8.0,SOFT,3.0,76.365
PER,Red Bull Racing,8.0,0 days 00:01:16.762000,9.0,SOFT,3.0,76.762
PER,Red Bull Racing,9.0,0 days 00:01:16.540000,10.0,SOFT,3.0,76.54
PER,Red Bull Racing,10.0,0 days 00:01:16.541000,11.0,SOFT,3.0,76.541
PER,Red Bull Racing,11.0,0 days 00:01:17.152000,12.0,SOFT,3.0,77.152
PER,Red Bull Racing,12.0,0 days 00:01:16.878000,13.0,SOFT,3.0,76.878
PER,Red Bull Racing,13.0,0 days 00:01:16.966000,14.0,SOFT,3.0,76.966
PER,Red Bull Racing,14.0,0 days 00:01:17.240000,15.0,SOFT,3.0,77.24
PER,Red Bull Racing,15.0,0 days 00:01:16.700000,16.0,SOFT,3.0,76.7
PER,Red Bull Racing,16.0,0 days 00:01:16.547000,17.0,SOFT,3.0,76.547
PER,Red Bull Racing,17.0,0 days 00:01:17.270000,18.0,SOFT,3.0,77.27
PER,Red Bull Racing,18.0,0 days 00:01:17.261000,19.0,SOFT,3.0,77.261
PER,Red Bull Racing,19.0,0 days 00:01:16.930000,20.0,SOFT,3.0,76.93
PER,Red Bull Racing,20.0,0 days 00:01:20.985000,21.0,SOFT,3.0,80.985
PER,Red Bull Racing,22.0,0 days 00:01:15.998000,2.0,MEDIUM,4.0,75.998
PER,Red Bull Racing,23.0,0 days 00:01:16.388000,3.0,MEDIUM,4.0,76.388
PER,Red Bull Racing,24.0,0 days 00:01:16.056000,4.0,MEDIUM,4.0,76.056
PER,Red Bull Racing,25.0,0 days 00:01:15.969000,5.0,MEDIUM,4.0,75.969
PER,Red Bull Racing,26.0,0 days 00:01:15.791000,6.0,MEDIUM,4.0,75.791
PER,Red Bull Racing,27.0,0 days 00:01:15.463000,7.0,MEDIUM,4.0,75.463
PER,Red Bull Racing,28.0,0 days 00:01:15.654000,8.0,MEDIUM,4.0,75.654
PER,Red Bull Racing,29.0,0 days 00:01:15.842000,9.0,MEDIUM,4.0,75.842
PER,Red Bull Racing,30.0,0 days 00:01:15.848000,10.0,MEDIUM,4.0,75.848
PER,Red Bull Racing,31.0,0 days 00:01:15.778000,11.0,MEDIUM,4.0,75.778
PER,Red Bull Racing,32.0,0 days 00:01:15.759000,12.0,MEDIUM,4.0,75.759
PER,Red Bull Racing,33.0,0 days 00:01:15.641000,13.0,MEDIUM,4.0,75.641
PER,Red Bull Racing,34.0,0 days 00:01:15.732000,14.0,MEDIUM,4.0,75.732
PER,Red Bull Racing,35.0,0 days 00:01:15.527000,15.0,MEDIUM,4.0,75.527
PER,Red Bull Racing,36.0,0 days 00:01:15.996000,16.0,MEDIUM,4.0,75.996
PER,Red Bull Racing,37.0,0 days 00:01:16.062000,17.0,MEDIUM,4.0,76.062
PER,Red Bull Racing,38.0,0 days 00:01:16.028000,18.0,MEDIUM,4.0,76.028
PER,Red Bull Racing,39.0,0 days 00:01:16.126000,19.0,MEDIUM,4.0,76.126
PER,Red Bull Racing,40.0,0 days 00:01:16.415000,20.0,MEDIUM,4.0,76.415
PER,Red Bull Racing,41.0,0 days 00:01:16.078000,21.0,MEDIUM,4.0,76.078
PER,Red Bull Racing,42.0,0 days 00:01:16.038000,22.0,MEDIUM,4.0,76.038
PER,Red Bull Racing,43.0,0 days 00:01:16.308000,23.0,MEDIUM,4.0,76.308
PER,Red Bull Racing,44.0,0 days 00:01:16.369000,24.0,MEDIUM,4.0,76.369
PER,Red Bull Racing,45.0,0 days 00:01:16.320000,25.0,MEDIUM,4.0,76.32
PER,Red Bull Racing,46.0,0 days 00:01:20.234000,26.0,MEDIUM,4.0,80.234
PER,Red Bull Racing,48.0,0 days 00:01:15.224000,5.0,SOFT,5.0,75.224
PER,Red Bull Racing,49.0,0 days 00:01:14.977000,6.0,SOFT,5.0,74.977
PER,Red Bull Racing,50.0,0 days 00:01:15.340000,7.0,SOFT,5.0,75.34
PER,Red Bull Racing,51.0,0 days 00:01:14.778000,8.0,SOFT,5.0,74.778
PER,Red Bull Racing,52.0,0 days 00:01:14.749000,9.0,SOFT,5.0,74.749
PER,Red Bull Racing,53.0,0 days 00:01:14.759000,10.0,SOFT,5.0,74.759
PER,Red Bull Racing,54.0,0 days 00:01:14.477000,11.0,SOFT,5.0,74.477
PER,Red Bull Racing,55.0,0 days 00:01:14.124000,12.0,SOFT,5.0,74.124
PER,Red Bull Racing,56.0,0 days 00:01:14.956000,13.0,SOFT,5.0,74.956
PER,Red Bull Racing,57.0,0 days 00:01:14.686000,14.0,SOFT,5.0,74.686
PER,Red Bull Racing,58.0,0 days 00:01:14.360000,15.0,SOFT,5.0,74.36
PER,Red Bull Racing,59.0,0 days 00:01:14.543000,16.0,SOFT,5.0,74.543
PER,Red Bull Racing,60.0,0 days 00:01:15.126000,17.0,SOFT,5.0,75.126
PER,Red Bull Racing,61.0,0 days 00:01:15.048000,18.0,SOFT,5.0,75.048
PER,Red Bull Racing,62.0,0 days 00:01:14.771000,19.0,SOFT,5.0,74.771
PER,Red Bull Racing,63.0,0 days 00:01:14.638000,20.0,SOFT,5.0,74.638
PER,Red Bull Racing,64.0,0 days 00:01:14.349000,21.0,SOFT,5.0,74.349
PER,Red Bull Racing,65.0,0 days 00:01:14.757000,22.0,SOFT,5.0,74.757
PER,Red Bull Racing,66.0,0 days 00:01:14.440000,23.0,SOFT,5.0,74.44
PER,Red Bull Racing,67.0,0 days 00:01:14.712000,24.0,SOFT,5.0,74.712
PER,Red Bull Racing,68.0,0 days 00:01:14.699000,25.0,SOFT,5.0,74.699
PER,Red Bull Racing,69.0,0 days 00:01:14.768000,26.0,SOFT,5.0,74.768
PER,Red Bull Racing,70.0,0 days 00:01:15.652000,27.0,SOFT,5.0,75.652
PER,Red Bull Racing,71.0,0 days 00:01:15.939000,28.0,SOFT,5.0,75.939
STR,Aston Martin,5.0,0 days 00:01:16.959000,6.0,SOFT,3.0,76.959
STR,Aston Martin,6.0,0 days 00:01:16.443000,7.0,SOFT,3.0,76.443
STR,Aston Martin,7.0,0 days 00:01:16.455000,8.0,SOFT,3.0,76.455
STR,Aston Martin,8.0,0 days 00:01:16.467000,9.0,SOFT,3.0,76.467
STR,Aston Martin,9.0,0 days 00:01:16.700000,10.0,SOFT,3.0,76.7
STR,Aston Martin,10.0,0 days 00:01:16.915000,11.0,SOFT,3.0,76.915
STR,Aston Martin,11.0,0 days 00:01:16.932000,12.0,SOFT,3.0,76.932
STR,Aston Martin,12.0,0 days 00:01:17.048000,13.0,SOFT,3.0,77.048
STR,Aston Martin,13.0,0 days 00:01:17.079000,14.0,SOFT,3.0,77.079
STR,Aston Martin,14.0,0 days 00:01:17.417000,15.0,SOFT,3.0,77.417
STR,Aston Martin,15.0,0 days 00:01:17.253000,16.0,SOFT,3.0,77.253
STR,Aston Martin,16.0,0 days 00:01:17.281000,17.0,SOFT,3.0,77.281
STR,Aston Martin,17.0,0 days 00:01:17.275000,18.0,SOFT,3.0,77.275
STR,Aston Martin,18.0,0 days 00:01:17.406000,19.0,SOFT,3.0,77.406
STR,Aston Martin,19.0,0 days 00:01:17.276000,20.0,SOFT,3.0,77.276
STR,Aston Martin,20.0,0 days 00:01:17.197000,21.0,SOFT,3.0,77.197
STR,Aston Martin,21.0,0 days 00:01:17.361000,22.0,SOFT,3.0,77.361
STR,Aston Martin,22.0,0 days 00:01:20.608000,23.0,SOFT,3.0,80.608
STR,Aston Martin,24.0,0 days 00:01:15.676000,2.0,MEDIUM,4.0,75.676
STR,Aston Martin,25.0,0 days 00:01:15.797000,3.0,MEDIUM,4.0,75.797
STR,Aston Martin,26.0,0 days 00:01:15.772000,4.0,MEDIUM,4.0,75.772
STR,Aston Martin,27.0,0 days 00:01:15.879000,5.0,MEDIUM,4.0,75.879
STR,Aston Martin,28.0,0 days 00:01:16.038000,6.0,MEDIUM,4.0,76.038
STR,Aston Martin,29.0,0 days 00:01:15.929000,7.0,MEDIUM,4.0,75.929
STR,Aston Martin,30.0,0 days 00:01:15.913000,8.0,MEDIUM,4.0,75.913
STR,Aston Martin,31.0,0 days 00:01:15.905000,9.0,MEDIUM,4.0,75.905
STR,Aston Martin,32.0,0 days 00:01:16.093000,10.0,MEDIUM,4.0,76.093
STR,Aston Martin,33.0,0 days 00:01:15.843000,11.0,MEDIUM,4.0,75.843
STR,Aston Martin,34.0,0 days 00:01:16.135000,12.0,MEDIUM,4.0,76.135
STR,Aston Martin,35.0,0 days 00:01:15.730000,13.0,MEDIUM,4.0,75.73
STR,Aston Martin,36.0,0 days 00:01:15.565000,14.0,MEDIUM,4.0,75.565
STR,Aston Martin,37.0,0 days 00:01:15.930000,15.0,MEDIUM,4.0,75.93
STR,Aston Martin,38.0,0 days 00:01:15.822000,16.0,MEDIUM,4.0,75.822
STR,Aston Martin,39.0,0 days 00:01:16.176000,17.0,MEDIUM,4.0,76.176
STR,Aston Martin,40.0,0 days 00:01:15.990000,18.0,MEDIUM,4.0,75.99
STR,Aston Martin,41.0,0 days 00:01:15.944000,19.0,MEDIUM,4.0,75.944
STR,Aston Martin,42.0,0 days 00:01:16.185000,20.0,MEDIUM,4.0,76.185
STR,Aston Martin,43.0,0 days 00:01:16.266000,21.0,MEDIUM,4.0,76.266
STR,Aston Martin,44.0,0 days 00:01:16.560000,22.0,MEDIUM,4.0,76.56
STR,Aston Martin,45.0,0 days 00:01:16.481000,23.0,MEDIUM,4.0,76.481
STR,Aston Martin,46.0,0 days 00:01:16.191000,24.0,MEDIUM,4.0,76.191
STR,Aston Martin,47.0,0 days 00:01:16.258000,25.0,MEDIUM,4.0,76.258
STR,Aston Martin,48.0,0 days 00:01:16.149000,26.0,MEDIUM,4.0,76.149
STR,Aston Martin,49.0,0 days 00:01:16.198000,27.0,MEDIUM,4.0,76.198
STR,Aston Martin,50.0,0 days 00:01:15.943000,28.0,MEDIUM,4.0,75.943
STR,Aston Martin,51.0,0 days 00:01:16.442000,29.0,MEDIUM,4.0,76.442
STR,Aston Martin,52.0,0 days 00:01:19.716000,30.0,MEDIUM,4.0,79.716
STR,Aston Martin,54.0,0 days 00:01:14.408000,4.0,SOFT,5.0,74.408
STR,Aston Martin,55.0,0 days 00:01:15.148000,5.0,SOFT,5.0,75.148
STR,Aston Martin,56.0,0 days 00:01:14.729000,6.0,SOFT,5.0,74.729
STR,Aston Martin,57.0,0 days 00:01:14.646000,7.0,SOFT,5.0,74.646
STR,Aston Martin,58.0,0 days 00:01:14.522000,8.0,SOFT,5.0,74.522
STR,Aston Martin,59.0,0 days 00:01:14.130000,9.0,SOFT,5.0,74.13
STR,Aston Martin,60.0,0 days 00:01:14.409000,10.0,SOFT,5.0,74.409
STR,Aston Martin,61.0,0 days 00:01:14.477000,11.0,SOFT,5.0,74.477
STR,Aston Martin,62.0,0 days 00:01:14.340000,12.0,SOFT,5.0,74.34
STR,Aston Martin,63.0,0 days 00:01:14.282000,13.0,SOFT,5.0,74.282
STR,Aston Martin,64.0,0 days 00:01:14.085000,14.0,SOFT,5.0,74.085
STR,Aston Martin,65.0,0 days 00:01:14.231000,15.0,SOFT,5.0,74.231
STR,Aston Martin,66.0,0 days 00:01:14.366000,16.0,SOFT,5.0,74.366
STR,Aston Martin,67.0,0 days 00:01:14.007000,17.0,SOFT,5.0,74.007
STR,Aston Martin,68.0,0 days 00:01:14.396000,18.0,SOFT,5.0,74.396
STR,Aston Martin,69.0,0 days 00:01:14.338000,19.0,SOFT,5.0,74.338
STR,Aston Martin,70.0,0 days 00:01:14.508000,20.0,SOFT,5.0,74.508
STR,Aston Martin,71.0,0 days 00:01:14.757000,21.0,SOFT,5.0,74.757
SAI,Ferrari,5.0,0 days 00:01:17.240000,7.0,SOFT,3.0,77.24
SAI,Ferrari,6.0,0 days 00:01:16.543000,8.0,SOFT,3.0,76.543
SAI,Ferrari,7.0,0 days 00:01:16.465000,9.0,SOFT,3.0,76.465
SAI,Ferrari,8.0,0 days 00:01:16.539000,10.0,SOFT,3.0,76.539
SAI,Ferrari,9.0,0 days 00:01:16.623000,11.0,SOFT,3.0,76.623
SAI,Ferrari,10.0,0 days 00:01:16.844000,12.0,SOFT,3.0,76.844
SAI,Ferrari,11.0,0 days 00:01:16.897000,13.0,SOFT,3.0,76.897
SAI,Ferrari,12.0,0 days 00:01:17.190000,14.0,SOFT,3.0,77.19
SAI,Ferrari,13.0,0 days 00:01:16.895000,15.0,SOFT,3.0,76.895
SAI,Ferrari,14.0,0 days 00:01:17.355000,16.0,SOFT,3.0,77.355
SAI,Ferrari,15.0,0 days 00:01:17.383000,17.0,SOFT,3.0,77.383
SAI,Ferrari,16.0,0 days 00:01:17.506000,18.0,SOFT,3.0,77.506
SAI,Ferrari,17.0,0 days 00:01:17.265000,19.0,SOFT,3.0,77.265
SAI,Ferrari,18.0,0 days 00:01:17.343000,20.0,SOFT,3.0,77.343
SAI,Ferrari,19.0,0 days 00:01:17.221000,21.0,SOFT,3.0,77.221
SAI,Ferrari,20.0,0 days 00:01:17.229000,22.0,SOFT,3.0,77.229
SAI,Ferrari,21.0,0 days 00:01:17.360000,23.0,SOFT,3.0,77.36
SAI,Ferrari,22.0,0 days 00:01:17.022000,24.0,SOFT,3.0,77.022
SAI,Ferrari,23.0,0 days 00:01:16.752000,25.0,SOFT,3.0,76.752
SAI,Ferrari,24.0,0 days 00:01:17.139000,26.0,SOFT,3.0,77.139
SAI,Ferrari,25.0,0 days 00:01:17.424000,27.0,SOFT,3.0,77.424
SAI,Ferrari,26.0,0 days 00:01:21.058000,28.0,SOFT,3.0,81.058
SAI,Ferrari,28.0,0 days 00:01:15.399000,2.0,MEDIUM,4.0,75.399
SAI,Ferrari,29.0,0 days 00:01:15.836000,3.0,MEDIUM,4.0,75.836
SAI,Ferrari,30.0,0 days 00:01:15.758000,4.0,MEDIUM,4.0,75.758
SAI,Ferrari,31.0,0 days 00:01:15.590000,5.0,MEDIUM,4.0,75.59
SAI,Ferrari,32.0,0 days 00:01:15.500000,6.0,MEDIUM,4.0,75.5
SAI,Ferrari,33.0,0 days 00:01:15.638000,7.0,MEDIUM,4.0,75.638
SAI,Ferrari,34.0,0 days 00:01:16.049000,8.0,MEDIUM,4.0,76.049
SAI,Ferrari,35.0,0 days 00:01:15.913000,9.0,MEDIUM,4.0,75.913
SAI,Ferrari,36.0,0 days 00:01:15.603000,10.0,MEDIUM,4.0,75.603
SAI,Ferrari,37.0,0 days 00:01:15.948000,11.0,MEDIUM,4.0,75.948
SAI,Ferrari,38.0,0 days 00:01:15.977000,12.0,MEDIUM,4.0,75.977
SAI,Ferrari,39.0,0 days 00:01:15.962000,13.0,MEDIUM,4.0,75.962
SAI,Ferrari,40.0,0 days 00:01:15.862000,14.0,MEDIUM,4.0,75.862
SAI,Ferrari,41.0,0 days 00:01:15.970000,15.0,MEDIUM,4.0,75.97
SAI,Ferrari,42.0,0 days 00:01:16.167000,16.0,MEDIUM,4.0,76.167
SAI,Ferrari,43.0,0 days 00:01:16.198000,17.0,MEDIUM,4.0,76.198
SAI,Ferrari,44.0,0 days 00:01:16.545000,18.0,MEDIUM,4.0,76.545
SAI,Ferrari,45.0,0 days 00:01:16.526000,19.0,MEDIUM,4.0,76.526
SAI,Ferrari,46.0,0 days 00:01:16.521000,20.0,MEDIUM,4.0,76.521
SAI,Ferrari,47.0,0 days 00:01:16.247000,21.0,MEDIUM,4.0,76.247
SAI,Ferrari,48.0,0 days 00:01:16.291000,22.0,MEDIUM,4.0,76.291
SAI,Ferrari,49.0,0 days 00:01:16.166000,23.0,MEDIUM,4.0,76.166
SAI,Ferrari,50.0,0 days 00:01:15.997000,24.0,MEDIUM,4.0,75.997
SAI,Ferrari,51.0,0 days 00:01:20.341000,25.0,MEDIUM,4.0,80.341
SAI,Ferrari,53.0,0 days 00:01:15.008000,5.0,SOFT,5.0,75.008
SAI,Ferrari,54.0,0 days 00:01:15.069000,6.0,SOFT,5.0,75.069
SAI,Ferrari,55.0,0 days 00:01:15.193000,7.0,SOFT,5.0,75.193
SAI,Ferrari,56.0,0 days 00:01:15.148000,8.0,SOFT,5.0,75.148
SAI,Ferrari,57.0,0 days 00:01:14.611000,9.0,SOFT,5.0,74.611
SAI,Ferrari,58.0,0 days 00:01:14.687000,10.0,SOFT,5.0,74.687
SAI,Ferrari,59.0,0 days 00:01:14.406000,11.0,SOFT,5.0,74.406
SAI,Ferrari,60.0,0 days 00:01:14.569000,12.0,SOFT,5.0,74.569
SAI,Ferrari,61.0,0 days 00:01:14.671000,13.0,SOFT,5.0,74.671
SAI,Ferrari,62.0,0 days 00:01:14.581000,14.0,SOFT,5.0,74.581
SAI,Ferrari,63.0,0 days 00:01:14.676000,15.0,SOFT,5.0,74.676
SAI,Ferrari,64.0,0 days 00:01:14.699000,16.0,SOFT,5.0,74.699
SAI,Ferrari,65.0,0 days 00:01:14.827000,17.0,SOFT,5.0,74.827
SAI,Ferrari,66.0,0 days 00:01:14.782000,18.0,SOFT,5.0,74.782
SAI,Ferrari,67.0,0 days 00:01:14.811000,19.0,SOFT,5.0,74.811
SAI,Ferrari,68.0,0 days 00:01:14.913000,20.0,SOFT,5.0,74.913
SAI,Ferrari,69.0,0 days 00:01:14.977000,21.0,SOFT,5.0,74.977
SAI,Ferrari,70.0,0 days 00:01:14.875000,22.0,SOFT,5.0,74.875
SAI,Ferrari,71.0,0 days 00:01:15.349000,23.0,SOFT,5.0,75.349
GAS,Alpine,4.0,0 days 00:01:20.965000,5.0,SOFT,3.0,80.965
GAS,Alpine,5.0,0 days 00:01:17.261000,6.0,SOFT,3.0,77.261
GAS,Alpine,6.0,0 days 00:01:16.677000,7.0,SOFT,3.0,76.677
GAS,Alpine,7.0,0 days 00:01:16.437000,8.0,SOFT,3.0,76.437
GAS,Alpine,8.0,0 days 00:01:16.558000,9.0,SOFT,3.0,76.558
GAS,Alpine,9.0,0 days 00:01:16.531000,10.0,SOFT,3.0,76.531
GAS,Alpine,10.0,0 days 00:01:16.971000,11.0,SOFT,3.0,76.971
GAS,Alpine,11.0,0 days 00:01:16.882000,12.0,SOFT,3.0,76.882
GAS,Alpine,12.0,0 days 00:01:17.203000,13.0,SOFT,3.0,77.203
GAS,Alpine,13.0,0 days 00:01:17.076000,14.0,SOFT,3.0,77.076
GAS,Alpine,14.0,0 days 00:01:17.282000,15.0,SOFT,3.0,77.282
GAS,Alpine,15.0,0 days 00:01:17.196000,16.0,SOFT,3.0,77.196
GAS,Alpine,16.0,0 days 00:01:17.744000,17.0,SOFT,3.0,77.744
GAS,Alpine,17.0,0 days 00:01:17.444000,18.0,SOFT,3.0,77.444
GAS,Alpine,18.0,0 days 00:01:17.301000,19.0,SOFT,3.0,77.301
GAS,Alpine,19.0,0 days 00:01:17.205000,20.0,SOFT,3.0,77.205
GAS,Alpine,20.0,0 days 00:01:17.174000,21.0,SOFT,3.0,77.174
GAS,Alpine,21.0,0 days 00:01:17.411000,22.0,SOFT,3.0,77.411
GAS,Alpine,22.0,0 days 00:01:17.363000,23.0,SOFT,3.0,77.363
GAS,Alpine,23.0,0 days 00:01:17.383000,24.0,SOFT,3.0,77.383
GAS,Alpine,24.0,0 days 00:01:17.474000,25.0,SOFT,3.0,77.474
GAS,Alpine,25.0,0 days 00:01:18.007000,26.0,SOFT,3.0,78.007
GAS,Alpine,26.0,0 days 00:01:21.513000,27.0,SOFT,3.0,81.513
GAS,Alpine,28.0,0 days 00:01:15.215000,2.0,MEDIUM,4.0,75.215
GAS,Alpine,29.0,0 days 00:01:16.408000,3.0,MEDIUM,4.0,76.408
GAS,Alpine,30.0,0 days 00:01:15.602000,4.0,MEDIUM,4.0,75.602
GAS,Alpine,31.0,0 days 00:01:16.162000,5.0,MEDIUM,4.0,76.162
GAS,Alpine,32.0,0 days 00:01:15.630000,6.0,MEDIUM,4.0,75.63
GAS,Alpine,33.0,0 days 00:01:15.443000,7.0,MEDIUM,4.0,75.443
GAS,Alpine,34.0,0 days 00:01:15.679000,8.0,MEDIUM,4.0,75.679
GAS,Alpine,35.0,0 days 00:01:15.730000,9.0,MEDIUM,4.0,75.73
GAS,Alpine,36.0,0 days 00:01:15.710000,10.0,MEDIUM,4.0,75.71
GAS,Alpine,37.0,0 days 00:01:15.961000,11.0,MEDIUM,4.0,75.961
GAS,Alpine,38.0,0 days 00:01:16.002000,12.0,MEDIUM,4.0,76.002
GAS,Alpine,39.0,0 days 00:01:16.446000,13.0,MEDIUM,4.0,76.446
GAS,Alpine,40.0,0 days 00:01:16.385000,14.0,MEDIUM,4.0,76.385
GAS,Alpine,41.0,0 days 00:01:16.515000,15.0,MEDIUM,4.0,76.515
GAS,Alpine,42.0,0 days 00:01:16.263000,16.0,MEDIUM,4.0,76.263
GAS,Alpine,43.0,0 days 00:01:16.630000,17.0,MEDIUM,4.0,76.63
GAS,Alpine,44.0,0 days 00:01:17.030000,18.0,MEDIUM,4.0,77.03
GAS,Alpine,45.0,0 days 00:01:16.619000,19.0,MEDIUM,4.0,76.619
GAS,Alpine,46.0,0 days 00:01:20.564000,20.0,MEDIUM,4.0,80.564
GAS,Alpine,48.0,0 days 00:01:14.521000,2.0,SOFT,5.0,74.521
GAS,Alpine,49.0,0 days 00:01:14.703000,3.0,SOFT,5.0,74.703
GAS,Alpine,50.0,0 days 00:01:14.969000,4.0,SOFT,5.0,74.969
GAS,Alpine,51.0,0 days 00:01:15.114000,5.0,SOFT,5.0,75.114
GAS,Alpine,52.0,0 days 00:01:15.036000,6.0,SOFT,5.0,75.036
GAS,Alpine,53.0,0 days 00:01:15.031000,7.0,SOFT,5.0,75.031
GAS,Alpine,54.0,0 days 00:01:15.064000,8.0,SOFT,5.0,75.064
GAS,Alpine,55.0,0 days 00:01:15.306000,9.0,SOFT,5.0,75.306
GAS,Alpine,56.0,0 days 00:01:15.325000,10.0,SOFT,5.0,75.325
GAS,Alpine,57.0,0 days 00:01:15.059000,11.0,SOFT,5.0,75.059
GAS,Alpine,58.0,0 days 00:01:14.917000,12.0,SOFT,5.0,74.917
GAS,Alpine,59.0,0 days 00:01:14.794000,13.0,SOFT,5.0,74.794
GAS,Alpine,60.0,0 days 00:01:14.618000,14.0,SOFT,5.0,74.618
GAS,Alpine,61.0,0 days 00:01:14.727000,15.0,SOFT,5.0,74.727
GAS,Alpine,62.0,0 days 00:01:14.671000,16.0,SOFT,5.0,74.671
GAS,Alpine,63.0,0 days 00:01:14.654000,17.0,SOFT,5.0,74.654
GAS,Alpine,64.0,0 days 00:01:14.900000,18.0,SOFT,5.0,74.9
GAS,Alpine,65.0,0 days 00:01:14.938000,19.0,SOFT,5.0,74.938
GAS,Alpine,66.0,0 days 00:01:15.017000,20.0,SOFT,5.0,75.017
GAS,Alpine,67.0,0 days 00:01:14.967000,21.0,SOFT,5.0,74.967
GAS,Alpine,68.0,0 days 00:01:15.247000,22.0,SOFT,5.0,75.247
GAS,Alpine,69.0,0 days 00:01:15.095000,23.0,SOFT,5.0,75.095
GAS,Alpine,70.0,0 days 00:01:15.113000,24.0,SOFT,5.0,75.113
GAS,Alpine,71.0,0 days 00:01:16.583000,25.0,SOFT,5.0,76.583
HAM,Mercedes,5.0,0 days 00:01:16.838000,6.0,SOFT,3.0,76.838
HAM,Mercedes,6.0,0 days 00:01:16.481000,7.0,SOFT,3.0,76.481
HAM,Mercedes,7.0,0 days 00:01:16.474000,8.0,SOFT,3.0,76.474
HAM,Mercedes,8.0,0 days 00:01:16.570000,9.0,SOFT,3.0,76.57
HAM,Mercedes,9.0,0 days 00:01:16.543000,10.0,SOFT,3.0,76.543
HAM,Mercedes,10.0,0 days 00:01:16.739000,11.0,SOFT,3.0,76.739
HAM,Mercedes,11.0,0 days 00:01:16.599000,12.0,SOFT,3.0,76.599
HAM,Mercedes,12.0,0 days 00:01:16.951000,13.0,SOFT,3.0,76.951
HAM,Mercedes,13.0,0 days 00:01:16.996000,14.0,SOFT,3.0,76.996
HAM,Mercedes,14.0,0 days 00:01:17.096000,15.0,SOFT,3.0,77.096
HAM,Mercedes,15.0,0 days 00:01:16.977000,16.0,SOFT,3.0,76.977
HAM,Mercedes,16.0,0 days 00:01:17.252000,17.0,SOFT,3.0,77.252
HAM,Mercedes,17.0,0 days 00:01:17.360000,18.0,SOFT,3.0,77.36
HAM,Mercedes,20.0,0 days 00:01:16.419000,2.0,MEDIUM,4.0,76.419
HAM,Mercedes,21.0,0 days 00:01:15.516000,3.0,MEDIUM,4.0,75.516
HAM,Mercedes,22.0,0 days 00:01:16.146000,4.0,MEDIUM,4.0,76.146
HAM,Mercedes,23.0,0 days 00:01:17.773000,5.0,MEDIUM,4.0,77.773
HAM,Mercedes,24.0,0 days 00:01:16.884000,6.0,MEDIUM,4.0,76.884
HAM,Mercedes,25.0,0 days 00:01:17.027000,7.0,MEDIUM,4.0,77.027
HAM,Mercedes,26.0,0 days 00:01:16.740000,8.0,MEDIUM,4.0,76.74
HAM,Mercedes,27.0,0 days 00:01:17.041000,9.0,MEDIUM,4.0,77.041
HAM,Mercedes,28.0,0 days 00:01:16.465000,10.0,MEDIUM,4.0,76.465
HAM,Mercedes,29.0,0 days 00:01:16.207000,11.0,MEDIUM,4.0,76.207
HAM,Mercedes,30.0,0 days 00:01:16.274000,12.0,MEDIUM,4.0,76.274
HAM,Mercedes,31.0,0 days 00:01:16.179000,13.0,MEDIUM,4.0,76.179
HAM,Mercedes,32.0,0 days 00:01:16.077000,14.0,MEDIUM,4.0,76.077
HAM,Mercedes,33.0,0 days 00:01:16.089000,15.0,MEDIUM,4.0,76.089
HAM,Mercedes,34.0,0 days 00:01:16.382000,16.0,MEDIUM,4.0,76.382
HAM,Mercedes,35.0,0 days 00:01:16.146000,17.0,MEDIUM,4.0,76.146
HAM,Mercedes,36.0,0 days 00:01:16.283000,18.0,MEDIUM,4.0,76.283
HAM,Mercedes,37.0,0 days 00:01:17.544000,19.0,MEDIUM,4.0,77.544
HAM,Mercedes,38.0,0 days 00:01:16.327000,20.0,MEDIUM,4.0,76.327
HAM,Mercedes,39.0,0 days 00:01:16.616000,21.0,MEDIUM,4.0,76.616
HAM,Mercedes,40.0,0 days 00:01:16.363000,22.0,MEDIUM,4.0,76.363
HAM,Mercedes,41.0,0 days 00:01:16.389000,23.0,MEDIUM,4.0,76.389
HAM,Mercedes,42.0,0 days 00:01:16.426000,24.0,MEDIUM,4.0,76.426
HAM,Mercedes,43.0,0 days 00:01:16.540000,25.0,MEDIUM,4.0,76.54
HAM,Mercedes,44.0,0 days 00:01:17.225000,26.0,MEDIUM,4.0,77.225
HAM,Mercedes,45.0,0 days 00:01:16.975000,27.0,MEDIUM,4.0,76.975
HAM,Mercedes,46.0,0 days 00:01:20.492000,28.0,MEDIUM,4.0,80.492
HAM,Mercedes,48.0,0 days 00:01:15.758000,5.0,SOFT,5.0,75.758
HAM,Mercedes,49.0,0 days 00:01:15.821000,6.0,SOFT,5.0,75.821
HAM,Mercedes,50.0,0 days 00:01:15.945000,7.0,SOFT,5.0,75.945
HAM,Mercedes,51.0,0 days 00:01:15.764000,8.0,SOFT,5.0,75.764
HAM,Mercedes,52.0,0 days 00:01:15.696000,9.0,SOFT,5.0,75.696
HAM,Mercedes,53.0,0 days 00:01:15.416000,10.0,SOFT,5.0,75.416
HAM,Mercedes,54.0,0 days 00:01:15.205000,11.0,SOFT,5.0,75.205
HAM,Mercedes,55.0,0 days 00:01:15.170000,12.0,SOFT,5.0,75.17
HAM,Mercedes,56.0,0 days 00:01:15.313000,13.0,SOFT,5.0,75.313
HAM,Mercedes,57.0,0 days 00:01:15.031000,14.0,SOFT,5.0,75.031
HAM,Mercedes,58.0,0 days 00:01:14.905000,15.0,SOFT,5.0,74.905
HAM,Mercedes,59.0,0 days 00:01:14.739000,16.0,SOFT,5.0,74.739
HAM,Mercedes,60.0,0 days 00:01:15.173000,17.0,SOFT,5.0,75.173
HAM,Mercedes,61.0,0 days 00:01:15.299000,18.0,SOFT,5.0,75.299
HAM,Mercedes,62.0,0 days 00:01:15.358000,19.0,SOFT,5.0,75.358
HAM,Mercedes,63.0,0 days 00:01:15.131000,20.0,SOFT,5.0,75.131
HAM,Mercedes,64.0,0 days 00:01:15.170000,21.0,SOFT,5.0,75.17
HAM,Mercedes,65.0,0 days 00:01:15.345000,22.0,SOFT,5.0,75.345
HAM,Mercedes,66.0,0 days 00:01:15.123000,23.0,SOFT,5.0,75.123
HAM,Mercedes,67.0,0 days 00:01:15.415000,24.0,SOFT,5.0,75.415
HAM,Mercedes,68.0,0 days 00:01:15.465000,25.0,SOFT,5.0,75.465
HAM,Mercedes,69.0,0 days 00:01:15.482000,26.0,SOFT,5.0,75.482
HAM,Mercedes,70.0,0 days 00:01:15.701000,27.0,SOFT,5.0,75.701
HAM,Mercedes,71.0,0 days 00:01:16.085000,28.0,SOFT,5.0,76.085
TSU,AlphaTauri,5.0,0 days 00:01:17.524000,3.0,SOFT,3.0,77.524
TSU,AlphaTauri,6.0,0 days 00:01:16.953000,4.0,SOFT,3.0,76.953
TSU,AlphaTauri,7.0,0 days 00:01:16.656000,5.0,SOFT,3.0,76.656
TSU,AlphaTauri,8.0,0 days 00:01:16.679000,6.0,SOFT,3.0,76.679
TSU,AlphaTauri,9.0,0 days 00:01:16.792000,7.0,SOFT,3.0,76.792
TSU,AlphaTauri,10.0,0 days 00:01:17.038000,8.0,SOFT,3.0,77.038
TSU,AlphaTauri,11.0,0 days 00:01:16.956000,9.0,SOFT,3.0,76.956
TSU,AlphaTauri,12.0,0 days 00:01:17.146000,10.0,SOFT,3.0,77.146
TSU,AlphaTauri,13.0,0 days 00:01:17.042000,11.0,SOFT,3.0,77.042
TSU,AlphaTauri,14.0,0 days 00:01:17.333000,12.0,SOFT,3.0,77.333
TSU,AlphaTauri,15.0,0 days 00:01:17.272000,13.0,SOFT,3.0,77.272
TSU,AlphaTauri,17.0,0 days 00:01:17.044000,15.0,SOFT,3.0,77.044
TSU,AlphaTauri,18.0,0 days 00:01:17.018000,16.0,SOFT,3.0,77.018
TSU,AlphaTauri,19.0,0 days 00:01:17.177000,17.0,SOFT,3.0,77.177
TSU,AlphaTauri,20.0,0 days 00:01:16.725000,18.0,SOFT,3.0,76.725
TSU,AlphaTauri,21.0,0 days 00:01:17.119000,19.0,SOFT,3.0,77.119
TSU,AlphaTauri,22.0,0 days 00:01:16.752000,20.0,SOFT,3.0,76.752
TSU,AlphaTauri,23.0,0 days 00:01:17.095000,21.0,SOFT,3.0,77.095
TSU,AlphaTauri,24.0,0 days 00:01:16.936000,22.0,SOFT,3.0,76.936
TSU,AlphaTauri,25.0,0 days 00:01:17.048000,23.0,SOFT,3.0,77.048
TSU,AlphaTauri,26.0,0 days 00:01:20.763000,24.0,SOFT,3.0,80.763
TSU,AlphaTauri,28.0,0 days 00:01:16.133000,2.0,MEDIUM,4.0,76.133
TSU,AlphaTauri,29.0,0 days 00:01:15.599000,3.0,MEDIUM,4.0,75.599
TSU,AlphaTauri,30.0,0 days 00:01:15.716000,4.0,MEDIUM,4.0,75.716
TSU,AlphaTauri,31.0,0 days 00:01:15.677000,5.0,MEDIUM,4.0,75.677
TSU,AlphaTauri,32.0,0 days 00:01:15.613000,6.0,MEDIUM,4.0,75.613
TSU,AlphaTauri,33.0,0 days 00:01:16.113000,7.0,MEDIUM,4.0,76.113
TSU,AlphaTauri,34.0,0 days 00:01:16.088000,8.0,MEDIUM,4.0,76.088
TSU,AlphaTauri,35.0,0 days 00:01:16.167000,9.0,MEDIUM,4.0,76.167
TSU,AlphaTauri,36.0,0 days 00:01:15.664000,10.0,MEDIUM,4.0,75.664
TSU,AlphaTauri,37.0,0 days 00:01:15.685000,11.0,MEDIUM,4.0,75.685
TSU,AlphaTauri,38.0,0 days 00:01:15.826000,12.0,MEDIUM,4.0,75.826
TSU,AlphaTauri,39.0,0 days 00:01:16.007000,13.0,MEDIUM,4.0,76.007
TSU,AlphaTauri,40.0,0 days 00:01:16.011000,14.0,MEDIUM,4.0,76.011
TSU,AlphaTauri,41.0,0 days 00:01:16.088000,15.0,MEDIUM,4.0,76.088
TSU,AlphaTauri,42.0,0 days 00:01:15.852000,16.0,MEDIUM,4.0,75.852
TSU,AlphaTauri,43.0,0 days 00:01:16.240000,17.0,MEDIUM,4.0,76.24
TSU,AlphaTauri,44.0,0 days 00:01:16.178000,18.0,MEDIUM,4.0,76.178
TSU,AlphaTauri,45.0,0 days 00:01:16.425000,19.0,MEDIUM,4.0,76.425
TSU,AlphaTauri,46.0,0 days 00:01:16.302000,20.0,MEDIUM,4.0,76.302
TSU,AlphaTauri,47.0,0 days 00:01:16.304000,21.0,MEDIUM,4.0,76.304
TSU,AlphaTauri,48.0,0 days 00:01:16.815000,22.0,MEDIUM,4.0,76.815
TSU,AlphaTauri,49.0,0 days 00:01:16.414000,23.0,MEDIUM,4.0,76.414
TSU,AlphaTauri,50.0,0 days 00:01:16.362000,24.0,MEDIUM,4.0,76.362
TSU,AlphaTauri,51.0,0 days 00:01:16.094000,25.0,MEDIUM,4.0,76.094
TSU,AlphaTauri,52.0,0 days 00:01:16.016000,26.0,MEDIUM,4.0,76.016
TSU,AlphaTauri,53.0,0 days 00:01:16.053000,27.0,MEDIUM,4.0,76.053
TSU,AlphaTauri,54.0,0 days 00:01:16.151000,28.0,MEDIUM,4.0,76.151
TSU,AlphaTauri,55.0,0 days 00:01:19.809000,29.0,MEDIUM,4.0,79.809
TSU,AlphaTauri,57.0,0 days 00:01:15.502000,5.0,SOFT,5.0,75.502
TSU,AlphaTauri,58.0,0 days 00:01:15.204000,6.0,SOFT,5.0,75.204
TSU,AlphaTauri,59.0,0 days 00:01:15.063000,7.0,SOFT,5.0,75.063
TSU,AlphaTauri,60.0,0 days 00:01:14.789000,8.0,SOFT,5.0,74.789
TSU,AlphaTauri,61.0,0 days 00:01:14.664000,9.0,SOFT,5.0,74.664
TSU,AlphaTauri,62.0,0 days 00:01:14.366000,10.0,SOFT,5.0,74.366
TSU,AlphaTauri,63.0,0 days 00:01:14.490000,11.0,SOFT,5.0,74.49
TSU,AlphaTauri,64.0,0 days 00:01:14.231000,12.0,SOFT,5.0,74.231
TSU,AlphaTauri,65.0,0 days 00:01:15.087000,13.0,SOFT,5.0,75.087
TSU,AlphaTauri,66.0,0 days 00:01:15.036000,14.0,SOFT,5.0,75.036
TSU,AlphaTauri,67.0,0 days 00:01:14.884000,15.0,SOFT,5.0,74.884
TSU,AlphaTauri,68.0,0 days 00:01:15.023000,16.0,SOFT,5.0,75.023
TSU,AlphaTauri,69.0,0 days 00:01:15.024000,17.0,SOFT,5.0,75.024
TSU,AlphaTauri,70.0,0 days 00:01:15.119000,18.0,SOFT,5.0,75.119
TSU,AlphaTauri,71.0,0 days 00:01:15.131000,19.0,SOFT,5.0,75.131
OCO,Alpine,5.0,0 days 00:01:17.111000,6.0,SOFT,3.0,77.111
OCO,Alpine,6.0,0 days 00:01:16.927000,7.0,SOFT,3.0,76.927
OCO,Alpine,7.0,0 days 00:01:16.597000,8.0,SOFT,3.0,76.597
OCO,Alpine,8.0,0 days 00:01:16.626000,9.0,SOFT,3.0,76.626
OCO,Alpine,9.0,0 days 00:01:16.818000,10.0,SOFT,3.0,76.818
OCO,Alpine,10.0,0 days 00:01:17.076000,11.0,SOFT,3.0,77.076
OCO,Alpine,11.0,0 days 00:01:17.131000,12.0,SOFT,3.0,77.131
OCO,Alpine,12.0,0 days 00:01:17.312000,13.0,SOFT,3.0,77.312
OCO,Alpine,13.0,0 days 00:01:18.248000,14.0,SOFT,3.0,78.248
OCO,Alpine,14.0,0 days 00:01:21.410000,15.0,SOFT,3.0,81.41
OCO,Alpine,16.0,0 days 00:01:16.085000,2.0,MEDIUM,4.0,76.085
OCO,Alpine,17.0,0 days 00:01:16.385000,3.0,MEDIUM,4.0,76.385
OCO,Alpine,18.0,0 days 00:01:16.451000,4.0,MEDIUM,4.0,76.451
OCO,Alpine,19.0,0 days 00:01:17.080000,5.0,MEDIUM,4.0,77.08
OCO,Alpine,20.0,0 days 00:01:17.138000,6.0,MEDIUM,4.0,77.138
OCO,Alpine,21.0,0 days 00:01:17.151000,7.0,MEDIUM,4.0,77.151
OCO,Alpine,22.0,0 days 00:01:16.969000,8.0,MEDIUM,4.0,76.969
OCO,Alpine,23.0,0 days 00:01:17.299000,9.0,MEDIUM,4.0,77.299
OCO,Alpine,24.0,0 days 00:01:16.942000,10.0,MEDIUM,4.0,76.942
OCO,Alpine,25.0,0 days 00:01:16.894000,11.0,MEDIUM,4.0,76.894
OCO,Alpine,26.0,0 days 00:01:16.737000,12.0,MEDIUM,4.0,76.737
OCO,Alpine,27.0,0 days 00:01:16.740000,13.0,MEDIUM,4.0,76.74
OCO,Alpine,28.0,0 days 00:01:17.432000,14.0,MEDIUM,4.0,77.432
OCO,Alpine,29.0,0 days 00:01:17.230000,15.0,MEDIUM,4.0,77.23
OCO,Alpine,30.0,0 days 00:01:17.164000,16.0,MEDIUM,4.0,77.164
OCO,Alpine,31.0,0 days 00:01:20.584000,17.0,MEDIUM,4.0,80.584
OCO,Alpine,33.0,0 days 00:01:15.442000,5.0,SOFT,5.0,75.442
OCO,Alpine,34.0,0 days 00:01:15.365000,6.0,SOFT,5.0,75.365
OCO,Alpine,35.0,0 days 00:01:15.403000,7.0,SOFT,5.0,75.403
OCO,Alpine,36.0,0 days 00:01:15.538000,8.0,SOFT,5.0,75.538
OCO,Alpine,37.0,0 days 00:01:15.830000,9.0,SOFT,5.0,75.83
OCO,Alpine,38.0,0 days 00:01:15.902000,10.0,SOFT,5.0,75.902
OCO,Alpine,39.0,0 days 00:01:15.770000,11.0,SOFT,5.0,75.77
OCO,Alpine,40.0,0 days 00:01:15.850000,12.0,SOFT,5.0,75.85
OCO,Alpine,41.0,0 days 00:01:15.841000,13.0,SOFT,5.0,75.841
OCO,Alpine,42.0,0 days 00:01:16.032000,14.0,SOFT,5.0,76.032
OCO,Alpine,43.0,0 days 00:01:16.252000,15.0,SOFT,5.0,76.252
OCO,Alpine,44.0,0 days 00:01:16.176000,16.0,SOFT,5.0,76.176
OCO,Alpine,45.0,0 days 00:01:16.384000,17.0,SOFT,5.0,76.384
OCO,Alpine,46.0,0 days 00:01:16.219000,18.0,SOFT,5.0,76.219
OCO,Alpine,47.0,0 days 00:01:16.350000,19.0,SOFT,5.0,76.35
OCO,Alpine,48.0,0 days 00:01:17.240000,20.0,SOFT,5.0,77.24
OCO,Alpine,49.0,0 days 00:01:16.844000,21.0,SOFT,5.0,76.844
OCO,Alpine,50.0,0 days 00:01:16.554000,22.0,SOFT,5.0,76.554
OCO,Alpine,51.0,0 days 00:01:20.059000,23.0,SOFT,5.0,80.059
OCO,Alpine,53.0,0 days 00:01:14.206000,2.0,SOFT,6.0,74.206
OCO,Alpine,54.0,0 days 00:01:14.520000,3.0,SOFT,6.0,74.52
OCO,Alpine,55.0,0 days 00:01:14.810000,4.0,SOFT,6.0,74.81
OCO,Alpine,56.0,0 days 00:01:15.007000,5.0,SOFT,6.0,75.007
OCO,Alpine,57.0,0 days 00:01:15.291000,6.0,SOFT,6.0,75.291
OCO,Alpine,58.0,0 days 00:01:15.272000,7.0,SOFT,6.0,75.272
OCO,Alpine,59.0,0 days 00:01:14.576000,8.0,SOFT,6.0,74.576
OCO,Alpine,60.0,0 days 00:01:15.156000,9.0,SOFT,6.0,75.156
OCO,Alpine,61.0,0 days 00:01:14.925000,10.0,SOFT,6.0,74.925
OCO,Alpine,62.0,0 days 00:01:15.047000,11.0,SOFT,6.0,75.047
OCO,Alpine,63.0,0 days 00:01:15.760000,12.0,SOFT,6.0,75.76
OCO,Alpine,64.0,0 days 00:01:15.132000,13.0,SOFT,6.0,75.132
OCO,Alpine,65.0,0 days 00:01:15.974000,14.0,SOFT,6.0,75.974
OCO,Alpine,66.0,0 days 00:01:15.823000,15.0,SOFT,6.0,75.823
OCO,Alpine,67.0,0 days 00:01:15.383000,16.0,SOFT,6.0,75.383
OCO,Alpine,68.0,0 days 00:01:15.237000,17.0,SOFT,6.0,75.237
OCO,Alpine,69.0,0 days 00:01:15.205000,18.0,SOFT,6.0,75.205
OCO,Alpine,70.0,0 days 00:01:16.614000,19.0,SOFT,6.0,76.614
SAR,Williams,5.0,0 days 00:01:18.262000,3.0,SOFT,3.0,78.262
SAR,Williams,6.0,0 days 00:01:17.247000,4.0,SOFT,3.0,77.247
SAR,Williams,7.0,0 days 00:01:17.182000,5.0,SOFT,3.0,77.182
SAR,Williams,8.0,0 days 00:01:16.798000,6.0,SOFT,3.0,76.798
SAR,Williams,9.0,0 days 00:01:16.854000,7.0,SOFT,3.0,76.854
SAR,Williams,10.0,0 days 00:01:16.934000,8.0,SOFT,3.0,76.934
SAR,Williams,11.0,0 days 00:01:17.295000,9.0,SOFT,3.0,77.295
SAR,Williams,12.0,0 days 00:01:17.660000,10.0,SOFT,3.0,77.66
SAR,Williams,13.0,0 days 00:01:17.921000,11.0,SOFT,3.0,77.921
SAR,Williams,14.0,0 days 00:01:17.587000,12.0,SOFT,3.0,77.587
SAR,Williams,15.0,0 days 00:01:17.850000,13.0,SOFT,3.0,77.85
SAR,Williams,16.0,0 days 00:01:17.485000,14.0,SOFT,3.0,77.485
SAR,Williams,19.0,0 days 00:01:16.235000,2.0,SOFT,4.0,76.235
SAR,Williams,20.0,0 days 00:01:16.379000,3.0,SOFT,4.0,76.379
SAR,Williams,21.0,0 days 00:01:16.288000,4.0,SOFT,4.0,76.288
SAR,Williams,22.0,0 days 00:01:16.101000,5.0,SOFT,4.0,76.101
SAR,Williams,23.0,0 days 00:01:16.358000,6.0,SOFT,4.0,76.358
SAR,Williams,24.0,0 days 00:01:16.537000,7.0,SOFT,4.0,76.537
SAR,Williams,25.0,0 days 00:01:16.793000,8.0,SOFT,4.0,76.793
SAR,Williams,26.0,0 days 00:01:16.766000,9.0,SOFT,4.0,76.766
SAR,Williams,27.0,0 days 00:01:16.648000,10.0,SOFT,4.0,76.648
SAR,Williams,28.0,0 days 00:01:16.658000,11.0,SOFT,4.0,76.658
SAR,Williams,29.0,0 days 00:01:17.001000,12.0,SOFT,4.0,77.001
SAR,Williams,30.0,0 days 00:01:17.475000,13.0,SOFT,4.0,77.475
SAR,Williams,31.0,0 days 00:01:16.951000,14.0,SOFT,4.0,76.951
SAR,Williams,32.0,0 days 00:01:17.025000,15.0,SOFT,4.0,77.025
SAR,Williams,33.0,0 days 00:01:16.648000,16.0,SOFT,4.0,76.648
SAR,Williams,34.0,0 days 00:01:17.558000,17.0,SOFT,4.0,77.558
SAR,Williams,35.0,0 days 00:01:17.703000,18.0,SOFT,4.0,77.703
SAR,Williams,36.0,0 days 00:01:17.192000,19.0,SOFT,4.0,77.192
SAR,Williams,37.0,0 days 00:01:16.997000,20.0,SOFT,4.0,76.997
SAR,Williams,38.0,0 days 00:01:17.392000,21.0,SOFT,4.0,77.392
SAR,Williams,39.0,0 days 00:01:17.240000,22.0,SOFT,4.0,77.24
SAR,Williams,40.0,0 days 00:01:16.904000,23.0,SOFT,4.0,76.904
SAR,Williams,41.0,0 days 00:01:16.909000,24.0,SOFT,4.0,76.909
SAR,Williams,42.0,0 days 00:01:17.047000,25.0,SOFT,4.0,77.047
SAR,Williams,43.0,0 days 00:01:17.625000,26.0,SOFT,4.0,77.625
SAR,Williams,46.0,0 days 00:01:16.117000,2.0,SOFT,5.0,76.117
SAR,Williams,47.0,0 days 00:01:16.051000,3.0,SOFT,5.0,76.051
SAR,Williams,48.0,0 days 00:01:15.808000,4.0,SOFT,5.0,75.808
SAR,Williams,49.0,0 days 00:01:15.988000,5.0,SOFT,5.0,75.988
SAR,Williams,50.0,0 days 00:01:16.153000,6.0,SOFT,5.0,76.153
SAR,Williams,51.0,0 days 00:01:15.738000,7.0,SOFT,5.0,75.738
SAR,Williams,52.0,0 days 00:01:15.795000,8.0,SOFT,5.0,75.795
SAR,Williams,53.0,0 days 00:01:15.878000,9.0,SOFT,5.0,75.878
SAR,Williams,54.0,0 days 00:01:16.802000,10.0,SOFT,5.0,76.802
SAR,Williams,55.0,0 days 00:01:16.286000,11.0,SOFT,5.0,76.286
SAR,Williams,56.0,0 days 00:01:15.969000,12.0,SOFT,5.0,75.969
SAR,Williams,57.0,0 days 00:01:16.053000,13.0,SOFT,5.0,76.053
SAR,Williams,58.0,0 days 00:01:16.513000,14.0,SOFT,5.0,76.513
SAR,Williams,59.0,0 days 00:01:16.419000,15.0,SOFT,5.0,76.419
SAR,Williams,60.0,0 days 00:01:16.017000,16.0,SOFT,5.0,76.017
SAR,Williams,61.0,0 days 00:01:15.819000,17.0,SOFT,5.0,75.819
SAR,Williams,62.0,0 days 00:01:15.942000,18.0,SOFT,5.0,75.942
SAR,Williams,63.0,0 days 00:01:15.789000,19.0,SOFT,5.0,75.789
SAR,Williams,64.0,0 days 00:01:17.584000,20.0,SOFT,5.0,77.584
SAR,Williams,65.0,0 days 00:01:16.226000,21.0,SOFT,5.0,76.226
SAR,Williams,66.0,0 days 00:01:16.477000,22.0,SOFT,5.0,76.477
SAR,Williams,67.0,0 days 00:01:16.333000,23.0,SOFT,5.0,76.333
SAR,Williams,68.0,0 days 00:01:16.091000,24.0,SOFT,5.0,76.091
SAR,Williams,69.0,0 days 00:01:15.904000,25.0,SOFT,5.0,75.904
SAR,Williams,70.0,0 days 00:01:15.960000,26.0,SOFT,5.0,75.96
HUL,Haas F1 Team,4.0,0 days 00:01:20.643000,5.0,SOFT,3.0,80.643
HUL,Haas F1 Team,5.0,0 days 00:01:18.040000,6.0,SOFT,3.0,78.04
HUL,Haas F1 Team,6.0,0 days 00:01:17.201000,7.0,SOFT,3.0,77.201
HUL,Haas F1 Team,7.0,0 days 00:01:16.791000,8.0,SOFT,3.0,76.791
HUL,Haas F1 Team,8.0,0 days 00:01:16.784000,9.0,SOFT,3.0,76.784
HUL,Haas F1 Team,9.0,0 days 00:01:16.675000,10.0,SOFT,3.0,76.675
HUL,Haas F1 Team,10.0,0 days 00:01:17.366000,11.0,SOFT,3.0,77.366
HUL,Haas F1 Team,11.0,0 days 00:01:17.757000,12.0,SOFT,3.0,77.757
HUL,Haas F1 Team,12.0,0 days 00:01:17.567000,13.0,SOFT,3.0,77.567
HUL,Haas F1 Team,13.0,0 days 00:01:19.149000,14.0,SOFT,3.0,79.149
HUL,Haas F1 Team,14.0,0 days 00:01:18.870000,15.0,SOFT,3.0,78.87
HUL,Haas F1 Team,15.0,0 days 00:01:19.055000,16.0,SOFT,3.0,79.055
HUL,Haas F1 Team,16.0,0 days 00:01:19.325000,17.0,SOFT,3.0,79.325
HUL,Haas F1 Team,17.0,0 days 00:01:18.976000,18.0,SOFT,3.0,78.976
HUL,Haas F1 Team,18.0,0 days 00:01:18.039000,19.0,SOFT,3.0,78.039
HUL,Haas F1 Team,19.0,0 days 00:01:17.581000,20.0,SOFT,3.0,77.581
HUL,Haas F1 Team,20.0,0 days 00:01:17.392000,21.0,SOFT,3.0,77.392
HUL,Haas F1 Team,21.0,0 days 00:01:21.052000,22.0,SOFT,3.0,81.052
HUL,Haas F1 Team,23.0,0 days 00:01:17.992000,5.0,SOFT,4.0,77.992
HUL,Haas F1 Team,24.0,0 days 00:01:17.227000,6.0,SOFT,4.0,77.227
HUL,Haas F1 Team,25.0,0 days 00:01:17.170000,7.0,SOFT,4.0,77.17
HUL,Haas F1 Team,26.0,0 days 00:01:17.282000,8.0,SOFT,4.0,77.282
HUL,Haas F1 Team,27.0,0 days 00:01:16.181000,9.0,SOFT,4.0,76.181
HUL,Haas F1 Team,28.0,0 days 00:01:16.019000,10.0,SOFT,4.0,76.019
HUL,Haas F1 Team,29.0,0 days 00:01:15.818000,11.0,SOFT,4.0,75.818
HUL,Haas F1 Team,30.0,0 days 00:01:16.166000,12.0,SOFT,4.0,76.166
HUL,Haas F1 Team,31.0,0 days 00:01:16.363000,13.0,SOFT,4.0,76.363
HUL,Haas F1 Team,32.0,0 days 00:01:16.843000,14.0,SOFT,4.0,76.843
HUL,Haas F1 Team,33.0,0 days 00:01:16.885000,15.0,SOFT,4.0,76.885
HUL,Haas F1 Team,34.0,0 days 00:01:16.463000,16.0,SOFT,4.0,76.463
HUL,Haas F1 Team,35.0,0 days 00:01:16.365000,17.0,SOFT,4.0,76.365
HUL,Haas F1 Team,36.0,0 days 00:01:16.781000,18.0,SOFT,4.0,76.781
HUL,Haas F1 Team,37.0,0 days 00:01:16.836000,19.0,SOFT,4.0,76.836
HUL,Haas F1 Team,38.0,0 days 00:01:18.957000,20.0,SOFT,4.0,78.957
HUL,Haas F1 Team,39.0,0 days 00:01:17.679000,21.0,SOFT,4.0,77.679
HUL,Haas F1 Team,40.0,0 days 00:01:17.277000,22.0,SOFT,4.0,77.277
HUL,Haas F1 Team,41.0,0 days 00:01:17.034000,23.0,SOFT,4.0,77.034
HUL,Haas F1 Team,42.0,0 days 00:01:16.821000,24.0,SOFT,4.0,76.821
HUL,Haas F1 Team,43.0,0 days 00:01:16.796000,25.0,SOFT,4.0,76.796
HUL,Haas F1 Team,44.0,0 days 00:01:16.924000,26.0,SOFT,4.0,76.924
HUL,Haas F1 Team,45.0,0 days 00:01:17.384000,27.0,SOFT,4.0,77.384
HUL,Haas F1 Team,46.0,0 days 00:01:20.729000,28.0,SOFT,4.0,80.729
HUL,Haas F1 Team,48.0,0 days 00:01:16.991000,5.0,SOFT,5.0,76.991
HUL,Haas F1 Team,49.0,0 days 00:01:16.892000,6.0,SOFT,5.0,76.892
HUL,Haas F1 Team,50.0,0 days 00:01:16.522000,7.0,SOFT,5.0,76.522
HUL,Haas F1 Team,51.0,0 days 00:01:16.566000,8.0,SOFT,5.0,76.566
HUL,Haas F1 Team,52.0,0 days 00:01:16.229000,9.0,SOFT,5.0,76.229
HUL,Haas F1 Team,53.0,0 days 00:01:16.391000,10.0,SOFT,5.0,76.391
HUL,Haas F1 Team,54.0,0 days 00:01:15.721000,11.0,SOFT,5.0,75.721
HUL,Haas F1 Team,55.0,0 days 00:01:16.005000,12.0,SOFT,5.0,76.005
HUL,Haas F1 Team,56.0,0 days 00:01:15.810000,13.0,SOFT,5.0,75.81
HUL,Haas F1 Team,57.0,0 days 00:01:15.511000,14.0,SOFT,5.0,75.511
HUL,Haas F1 Team,58.0,0 days 00:01:15.639000,15.0,SOFT,5.0,75.639
HUL,Haas F1 Team,59.0,0 days 00:01:16.343000,16.0,SOFT,5.0,76.343
HUL,Haas F1 Team,60.0,0 days 00:01:15.252000,17.0,SOFT,5.0,75.252
HUL,Haas F1 Team,61.0,0 days 00:01:15.357000,18.0,SOFT,5.0,75.357
HUL,Haas F1 Team,62.0,0 days 00:01:15.312000,19.0,SOFT,5.0,75.312
HUL,Haas F1 Team,63.0,0 days 00:01:15.178000,20.0,SOFT,5.0,75.178
HUL,Haas F1 Team,64.0,0 days 00:01:15.404000,21.0,SOFT,5.0,75.404
HUL,Haas F1 Team,65.0,0 days 00:01:15.198000,22.0,SOFT,5.0,75.198
HUL,Haas F1 Team,66.0,0 days 00:01:15.036000,23.0,SOFT,5.0,75.036
HUL,Haas F1 Team,67.0,0 days 00:01:15.343000,24.0,SOFT,5.0,75.343
HUL,Haas F1 Team,68.0,0 days 00:01:15.162000,25.0,SOFT,5.0,75.162
HUL,Haas F1 Team,69.0,0 days 00:01:15.308000,26.0,SOFT,5.0,75.308
HUL,Haas F1 Team,70.0,0 days 00:01:15.595000,27.0,SOFT,5.0,75.595
RIC,AlphaTauri,4.0,0 days 00:01:16.780000,6.0,SOFT,3.0,76.78
RIC,AlphaTauri,5.0,0 days 00:01:16.723000,7.0,SOFT,3.0,76.723
RIC,AlphaTauri,6.0,0 days 00:01:16.401000,8.0,SOFT,3.0,76.401
RIC,AlphaTauri,7.0,0 days 00:01:16.608000,9.0,SOFT,3.0,76.608
RIC,AlphaTauri,8.0,0 days 00:01:16.491000,10.0,SOFT,3.0,76.491
RIC,AlphaTauri,9.0,0 days 00:01:17.118000,11.0,SOFT,3.0,77.118
RIC,AlphaTauri,10.0,0 days 00:01:16.836000,12.0,SOFT,3.0,76.836
RIC,AlphaTauri,11.0,0 days 00:01:16.864000,13.0,SOFT,3.0,76.864
RIC,AlphaTauri,12.0,0 days 00:01:17.500000,14.0,SOFT,3.0,77.5
RIC,AlphaTauri,13.0,0 days 00:01:18.340000,15.0,SOFT,3.0,78.34
RIC,AlphaTauri,14.0,0 days 00:01:16.968000,16.0,SOFT,3.0,76.968
RIC,AlphaTauri,15.0,0 days 00:01:17.407000,17.0,SOFT,3.0,77.407
RIC,AlphaTauri,16.0,0 days 00:01:17.982000,18.0,SOFT,3.0,77.982
RIC,AlphaTauri,17.0,0 days 00:01:16.812000,19.0,SOFT,3.0,76.812
RIC,AlphaTauri,18.0,0 days 00:01:17.202000,20.0,SOFT,3.0,77.202
RIC,AlphaTauri,19.0,0 days 00:01:16.756000,21.0,SOFT,3.0,76.756
RIC,AlphaTauri,20.0,0 days 00:01:16.859000,22.0,SOFT,3.0,76.859
RIC,AlphaTauri,21.0,0 days 00:01:16.686000,23.0,SOFT,3.0,76.686
RIC,AlphaTauri,22.0,0 days 00:01:16.993000,24.0,SOFT,3.0,76.993
RIC,AlphaTauri,23.0,0 days 00:01:16.771000,25.0,SOFT,3.0,76.771
RIC,AlphaTauri,24.0,0 days 00:01:16.604000,26.0,SOFT,3.0,76.604
RIC,AlphaTauri,25.0,0 days 00:01:18.439000,27.0,SOFT,3.0,78.439
RIC,AlphaTauri,26.0,0 days 00:01:20.591000,28.0,SOFT,3.0,80.591
RIC,AlphaTauri,28.0,0 days 00:01:15.837000,2.0,MEDIUM,4.0,75.837
RIC,AlphaTauri,29.0,0 days 00:01:15.648000,3.0,MEDIUM,4.0,75.648
RIC,AlphaTauri,30.0,0 days 00:01:15.407000,4.0,MEDIUM,4.0,75.407
RIC,AlphaTauri,31.0,0 days 00:01:16.030000,5.0,MEDIUM,4.0,76.03
RIC,AlphaTauri,32.0,0 days 00:01:16.127000,6.0,MEDIUM,4.0,76.127
RIC,AlphaTauri,33.0,0 days 00:01:16.614000,7.0,MEDIUM,4.0,76.614
RIC,AlphaTauri,34.0,0 days 00:01:15.536000,8.0,MEDIUM,4.0,75.536
RIC,AlphaTauri,35.0,0 days 00:01:16.636000,9.0,MEDIUM,4.0,76.636
RIC,AlphaTauri,36.0,0 days 00:01:15.488000,10.0,MEDIUM,4.0,75.488
RIC,AlphaTauri,37.0,0 days 00:01:15.630000,11.0,MEDIUM,4.0,75.63
RIC,AlphaTauri,38.0,0 days 00:01:15.839000,12.0,MEDIUM,4.0,75.839
RIC,AlphaTauri,39.0,0 days 00:01:16.094000,13.0,MEDIUM,4.0,76.094
RIC,AlphaTauri,40.0,0 days 00:01:15.940000,14.0,MEDIUM,4.0,75.94
RIC,AlphaTauri,41.0,0 days 00:01:15.850000,15.0,MEDIUM,4.0,75.85
RIC,AlphaTauri,42.0,0 days 00:01:16.559000,16.0,MEDIUM,4.0,76.559
RIC,AlphaTauri,43.0,0 days 00:01:16.781000,17.0,MEDIUM,4.0,76.781
RIC,AlphaTauri,44.0,0 days 00:01:16.733000,18.0,MEDIUM,4.0,76.733
RIC,AlphaTauri,45.0,0 days 00:01:16.100000,19.0,MEDIUM,4.0,76.1
RIC,AlphaTauri,46.0,0 days 00:01:16.275000,20.0,MEDIUM,4.0,76.275
RIC,AlphaTauri,47.0,0 days 00:01:16.139000,21.0,MEDIUM,4.0,76.139
RIC,AlphaTauri,48.0,0 days 00:01:16.206000,22.0,MEDIUM,4.0,76.206
RIC,AlphaTauri,49.0,0 days 00:01:15.849000,23.0,MEDIUM,4.0,75.849
RIC,AlphaTauri,50.0,0 days 00:01:16.126000,24.0,MEDIUM,4.0,76.126
RIC,AlphaTauri,51.0,0 days 00:01:15.947000,25.0,MEDIUM,4.0,75.947
RIC,AlphaTauri,52.0,0 days 00:01:16.087000,26.0,MEDIUM,4.0,76.087
RIC,AlphaTauri,53.0,0 days 00:01:15.955000,27.0,MEDIUM,4.0,75.955
RIC,AlphaTauri,54.0,0 days 00:01:16.251000,28.0,MEDIUM,4.0,76.251
RIC,AlphaTauri,55.0,0 days 00:01:19.237000,29.0,MEDIUM,4.0,79.237
RIC,AlphaTauri,57.0,0 days 00:01:15.323000,2.0,SOFT,5.0,75.323
RIC,AlphaTauri,58.0,0 days 00:01:14.990000,3.0,SOFT,5.0,74.99
RIC,AlphaTauri,59.0,0 days 00:01:14.788000,4.0,SOFT,5.0,74.788
RIC,AlphaTauri,60.0,0 days 00:01:14.724000,5.0,SOFT,5.0,74.724
RIC,AlphaTauri,61.0,0 days 00:01:14.788000,6.0,SOFT,5.0,74.788
RIC,AlphaTauri,62.0,0 days 00:01:14.129000,7.0,SOFT,5.0,74.129
RIC,AlphaTauri,63.0,0 days 00:01:14.040000,8.0,SOFT,5.0,74.04
RIC,AlphaTauri,64.0,0 days 00:01:14.846000,9.0,SOFT,5.0,74.846
RIC,AlphaTauri,65.0,0 days 00:01:14.913000,10.0,SOFT,5.0,74.913
RIC,AlphaTauri,66.0,0 days 00:01:14.990000,11.0,SOFT,5.0,74.99
RIC,AlphaTauri,67.0,0 days 00:01:17.933000,12.0,SOFT,5.0,77.933
RIC,AlphaTauri,68.0,0 days 00:01:13.866000,13.0,SOFT,5.0,73.866
RIC,AlphaTauri,69.0,0 days 00:01:14.015000,14.0,SOFT,5.0,74.015
RIC,AlphaTauri,70.0,0 days 00:01:14.326000,15.0,SOFT,5.0,74.326
PIA,McLaren,4.0,0 days 00:01:17.084000,3.0,MEDIUM,3.0,77.084
PIA,McLaren,5.0,0 days 00:01:16.932000,4.0,MEDIUM,3.0,76.932
PIA,McLaren,6.0,0 days 00:01:16.738000,5.0,MEDIUM,3.0,76.738
PIA,McLaren,7.0,0 days 00:01:16.713000,6.0,MEDIUM,3.0,76.713
PIA,McLaren,8.0,0 days 00:01:16.641000,7.0,MEDIUM,3.0,76.641
PIA,McLaren,9.0,0 days 00:01:17.289000,8.0,MEDIUM,3.0,77.289
PIA,McLaren,10.0,0 days 00:01:18.311000,9.0,MEDIUM,3.0,78.311
PIA,McLaren,11.0,0 days 00:01:17.211000,10.0,MEDIUM,3.0,77.211
PIA,McLaren,12.0,0 days 00:01:17.478000,11.0,MEDIUM,3.0,77.478
PIA,McLaren,13.0,0 days 00:01:17.977000,12.0,MEDIUM,3.0,77.977
PIA,McLaren,14.0,0 days 00:01:17.698000,13.0,MEDIUM,3.0,77.698
PIA,McLaren,15.0,0 days 00:01:17.526000,14.0,MEDIUM,3.0,77.526
PIA,McLaren,16.0,0 days 00:01:17.442000,15.0,MEDIUM,3.0,77.442
PIA,McLaren,17.0,0 days 00:01:17.265000,16.0,MEDIUM,3.0,77.265
PIA,McLaren,18.0,0 days 00:01:17.583000,17.0,MEDIUM,3.0,77.583
PIA,McLaren,19.0,0 days 00:01:17.096000,18.0,MEDIUM,3.0,77.096
PIA,McLaren,20.0,0 days 00:01:17.433000,19.0,MEDIUM,3.0,77.433
PIA,McLaren,21.0,0 days 00:01:17.043000,20.0,MEDIUM,3.0,77.043
PIA,McLaren,22.0,0 days 00:01:17.435000,21.0,MEDIUM,3.0,77.435
PIA,McLaren,23.0,0 days 00:01:17.143000,22.0,MEDIUM,3.0,77.143
PIA,McLaren,26.0,0 days 00:01:16.368000,5.0,SOFT,4.0,76.368
PIA,McLaren,27.0,0 days 00:01:16.270000,6.0,SOFT,4.0,76.27
PIA,McLaren,28.0,0 days 00:01:16.269000,7.0,SOFT,4.0,76.269
PIA,McLaren,29.0,0 days 00:01:15.859000,8.0,SOFT,4.0,75.859
PIA,McLaren,30.0,0 days 00:01:15.680000,9.0,SOFT,4.0,75.68
PIA,McLaren,31.0,0 days 00:01:15.558000,10.0,SOFT,4.0,75.558
PIA,McLaren,32.0,0 days 00:01:15.866000,11.0,SOFT,4.0,75.866
PIA,McLaren,33.0,0 days 00:01:15.656000,12.0,SOFT,4.0,75.656
PIA,McLaren,34.0,0 days 00:01:16.492000,13.0,SOFT,4.0,76.492
PIA,McLaren,35.0,0 days 00:01:16.179000,14.0,SOFT,4.0,76.179
PIA,McLaren,36.0,0 days 00:01:16.314000,15.0,SOFT,4.0,76.314
PIA,McLaren,37.0,0 days 00:01:16.048000,16.0,SOFT,4.0,76.048
PIA,McLaren,38.0,0 days 00:01:16.075000,17.0,SOFT,4.0,76.075
PIA,McLaren,39.0,0 days 00:01:16.099000,18.0,SOFT,4.0,76.099
PIA,McLaren,40.0,0 days 00:01:16.585000,19.0,SOFT,4.0,76.585
PIA,McLaren,41.0,0 days 00:01:16.198000,20.0,SOFT,4.0,76.198
PIA,McLaren,42.0,0 days 00:01:16.355000,21.0,SOFT,4.0,76.355
PIA,McLaren,43.0,0 days 00:01:16.708000,22.0,SOFT,4.0,76.708
PIA,McLaren,44.0,0 days 00:01:16.378000,23.0,SOFT,4.0,76.378
PIA,McLaren,45.0,0 days 00:01:16.452000,24.0,SOFT,4.0,76.452
PIA,McLaren,46.0,0 days 00:01:16.655000,25.0,SOFT,4.0,76.655
PIA,McLaren,47.0,0 days 00:01:16.306000,26.0,SOFT,4.0,76.306
PIA,McLaren,48.0,0 days 00:01:16.466000,27.0,SOFT,4.0,76.466
PIA,McLaren,49.0,0 days 00:01:16.245000,28.0,SOFT,4.0,76.245
PIA,McLaren,50.0,0 days 00:01:16.415000,29.0,SOFT,4.0,76.415
PIA,McLaren,51.0,0 days 00:01:16.104000,30.0,SOFT,4.0,76.104
PIA,McLaren,54.0,0 days 00:01:15.576000,7.0,SOFT,5.0,75.576
PIA,McLaren,55.0,0 days 00:01:14.951000,8.0,SOFT,5.0,74.951
PIA,McLaren,56.0,0 days 00:01:15.933000,9.0,SOFT,5.0,75.933
PIA,McLaren,57.0,0 days 00:01:17.651000,10.0,SOFT,5.0,77.651
PIA,McLaren,58.0,0 days 00:01:14.533000,11.0,SOFT,5.0,74.533
PIA,McLaren,59.0,0 days 00:01:14.402000,12.0,SOFT,5.0,74.402
PIA,McLaren,60.0,0 days 00:01:14.625000,13.0,SOFT,5.0,74.625
PIA,McLaren,61.0,0 days 00:01:14.791000,14.0,SOFT,5.0,74.791
PIA,McLaren,62.0,0 days 00:01:14.342000,15.0,SOFT,5.0,74.342
PIA,McLaren,63.0,0 days 00:01:14.615000,16.0,SOFT,5.0,74.615
PIA,McLaren,64.0,0 days 00:01:14.393000,17.0,SOFT,5.0,74.393
PIA,McLaren,65.0,0 days 00:01:14.391000,18.0,SOFT,5.0,74.391
PIA,McLaren,66.0,0 days 00:01:14.310000,19.0,SOFT,5.0,74.31
PIA,McLaren,67.0,0 days 00:01:17.524000,20.0,SOFT,5.0,77.524
PIA,McLaren,68.0,0 days 00:01:14.445000,21.0,SOFT,5.0,74.445
PIA,McLaren,69.0,0 days 00:01:14.799000,22.0,SOFT,5.0,74.799
RUS,Mercedes,5.0,0 days 00:01:16.921000,6.0,SOFT,3.0,76.921
RUS,Mercedes,6.0,0 days 00:01:16.431000,7.0,SOFT,3.0,76.431
RUS,Mercedes,7.0,0 days 00:01:16.483000,8.0,SOFT,3.0,76.483
RUS,Mercedes,8.0,0 days 00:01:16.659000,9.0,SOFT,3.0,76.659
RUS,Mercedes,9.0,0 days 00:01:16.663000,10.0,SOFT,3.0,76.663
RUS,Mercedes,10.0,0 days 00:01:16.721000,11.0,SOFT,3.0,76.721
RUS,Mercedes,11.0,0 days 00:01:16.933000,12.0,SOFT,3.0,76.933
RUS,Mercedes,12.0,0 days 00:01:16.977000,13.0,SOFT,3.0,76.977
RUS,Mercedes,13.0,0 days 00:01:17.056000,14.0,SOFT,3.0,77.056
RUS,Mercedes,14.0,0 days 00:01:18.041000,15.0,SOFT,3.0,78.041
RUS,Mercedes,15.0,0 days 00:01:17.315000,16.0,SOFT,3.0,77.315
RUS,Mercedes,16.0,0 days 00:01:17.196000,17.0,SOFT,3.0,77.196
RUS,Mercedes,17.0,0 days 00:01:17.392000,18.0,SOFT,3.0,77.392
RUS,Mercedes,18.0,0 days 00:01:17.319000,19.0,SOFT,3.0,77.319
RUS,Mercedes,19.0,0 days 00:01:20.533000,20.0,SOFT,3.0,80.533
RUS,Mercedes,21.0,0 days 00:01:16.573000,2.0,MEDIUM,4.0,76.573
RUS,Mercedes,22.0,0 days 00:01:16.653000,3.0,MEDIUM,4.0,76.653
RUS,Mercedes,23.0,0 days 00:01:17.088000,4.0,MEDIUM,4.0,77.088
RUS,Mercedes,24.0,0 days 00:01:16.900000,5.0,MEDIUM,4.0,76.9
RUS,Mercedes,25.0,0 days 00:01:17.080000,6.0,MEDIUM,4.0,77.08
RUS,Mercedes,26.0,0 days 00:01:16.495000,7.0,MEDIUM,4.0,76.495
RUS,Mercedes,27.0,0 days 00:01:15.628000,8.0,MEDIUM,4.0,75.628
RUS,Mercedes,28.0,0 days 00:01:16.262000,9.0,MEDIUM,4.0,76.262
RUS,Mercedes,29.0,0 days 00:01:16.305000,10.0,MEDIUM,4.0,76.305
RUS,Mercedes,30.0,0 days 00:01:16.294000,11.0,MEDIUM,4.0,76.294
RUS,Mercedes,31.0,0 days 00:01:16.298000,12.0,MEDIUM,4.0,76.298
RUS,Mercedes,32.0,0 days 00:01:16.161000,13.0,MEDIUM,4.0,76.161
RUS,Mercedes,33.0,0 days 00:01:16.433000,14.0,MEDIUM,4.0,76.433
RUS,Mercedes,34.0,0 days 00:01:16.636000,15.0,MEDIUM,4.0,76.636
RUS,Mercedes,35.0,0 days 00:01:17.270000,16.0,MEDIUM,4.0,77.27
RUS,Mercedes,36.0,0 days 00:01:16.831000,17.0,MEDIUM,4.0,76.831
RUS,Mercedes,37.0,0 days 00:01:16.742000,18.0,MEDIUM,4.0,76.742
RUS,Mercedes,38.0,0 days 00:01:16.644000,19.0,MEDIUM,4.0,76.644
RUS,Mercedes,39.0,0 days 00:01:16.674000,20.0,MEDIUM,4.0,76.674
RUS,Mercedes,40.0,0 days 00:01:16.906000,21.0,MEDIUM,4.0,76.906
RUS,Mercedes,41.0,0 days 00:01:16.709000,22.0,MEDIUM,4.0,76.709
RUS,Mercedes,42.0,0 days 00:01:17,23.0,MEDIUM,4.0,77.0
RUS,Mercedes,43.0,0 days 00:01:17.740000,24.0,MEDIUM,4.0,77.74
RUS,Mercedes,44.0,0 days 00:01:17.422000,25.0,MEDIUM,4.0,77.422
RUS,Mercedes,45.0,0 days 00:01:21.183000,26.0,MEDIUM,4.0,81.183
RUS,Mercedes,47.0,0 days 00:01:16.534000,5.0,SOFT,5.0,76.534
RUS,Mercedes,48.0,0 days 00:01:16.373000,6.0,SOFT,5.0,76.373
RUS,Mercedes,49.0,0 days 00:01:16.313000,7.0,SOFT,5.0,76.313
RUS,Mercedes,50.0,0 days 00:01:16.424000,8.0,SOFT,5.0,76.424
RUS,Mercedes,51.0,0 days 00:01:15.936000,9.0,SOFT,5.0,75.936
RUS,Mercedes,52.0,0 days 00:01:15.633000,10.0,SOFT,5.0,75.633
RUS,Mercedes,53.0,0 days 00:01:15.478000,11.0,SOFT,5.0,75.478
RUS,Mercedes,54.0,0 days 00:01:15.063000,12.0,SOFT,5.0,75.063
RUS,Mercedes,55.0,0 days 00:01:14.934000,13.0,SOFT,5.0,74.934
RUS,Mercedes,56.0,0 days 00:01:15.128000,14.0,SOFT,5.0,75.128
BOT,Alfa Romeo,5.0,0 days 00:01:17.774000,3.0,SOFT,3.0,77.774
BOT,Alfa Romeo,6.0,0 days 00:01:17.239000,4.0,SOFT,3.0,77.239
BOT,Alfa Romeo,7.0,0 days 00:01:17.161000,5.0,SOFT,3.0,77.161
BOT,Alfa Romeo,8.0,0 days 00:01:16.640000,6.0,SOFT,3.0,76.64
BOT,Alfa Romeo,9.0,0 days 00:01:16.902000,7.0,SOFT,3.0,76.902
BOT,Alfa Romeo,10.0,0 days 00:01:16.759000,8.0,SOFT,3.0,76.759
BOT,Alfa Romeo,11.0,0 days 00:01:17.131000,9.0,SOFT,3.0,77.131
BOT,Alfa Romeo,12.0,0 days 00:01:16.837000,10.0,SOFT,3.0,76.837
BOT,Alfa Romeo,13.0,0 days 00:01:17.559000,11.0,SOFT,3.0,77.559
BOT,Alfa Romeo,14.0,0 days 00:01:17.377000,12.0,SOFT,3.0,77.377
BOT,Alfa Romeo,15.0,0 days 00:01:17.343000,13.0,SOFT,3.0,77.343
BOT,Alfa Romeo,16.0,0 days 00:01:17.765000,14.0,SOFT,3.0,77.765
BOT,Alfa Romeo,17.0,0 days 00:01:17.431000,15.0,SOFT,3.0,77.431
BOT,Alfa Romeo,18.0,0 days 00:01:21.363000,16.0,SOFT,3.0,81.363
BOT,Alfa Romeo,20.0,0 days 00:01:15.731000,2.0,MEDIUM,4.0,75.731
BOT,Alfa Romeo,21.0,0 days 00:01:16.452000,3.0,MEDIUM,4.0,76.452
BOT,Alfa Romeo,22.0,0 days 00:01:16.210000,4.0,MEDIUM,4.0,76.21
BOT,Alfa Romeo,23.0,0 days 00:01:16.522000,5.0,MEDIUM,4.0,76.522
BOT,Alfa Romeo,24.0,0 days 00:01:16.898000,6.0,MEDIUM,4.0,76.898
BOT,Alfa Romeo,25.0,0 days 00:01:16.827000,7.0,MEDIUM,4.0,76.827
BOT,Alfa Romeo,26.0,0 days 00:01:16.628000,8.0,MEDIUM,4.0,76.628
BOT,Alfa Romeo,27.0,0 days 00:01:17.081000,9.0,MEDIUM,4.0,77.081
BOT,Alfa Romeo,28.0,0 days 00:01:17.111000,10.0,MEDIUM,4.0,77.111
BOT,Alfa Romeo,29.0,0 days 00:01:16.921000,11.0,MEDIUM,4.0,76.921
BOT,Alfa Romeo,30.0,0 days 00:01:16.549000,12.0,MEDIUM,4.0,76.549
BOT,Alfa Romeo,31.0,0 days 00:01:16.502000,13.0,MEDIUM,4.0,76.502
BOT,Alfa Romeo,32.0,0 days 00:01:17.597000,14.0,MEDIUM,4.0,77.597
BOT,Alfa Romeo,33.0,0 days 00:01:16.853000,15.0,MEDIUM,4.0,76.853
BOT,Alfa Romeo,34.0,0 days 00:01:16.940000,16.0,MEDIUM,4.0,76.94
BOT,Alfa Romeo,35.0,0 days 00:01:17.022000,17.0,MEDIUM,4.0,77.022
BOT,Alfa Romeo,36.0,0 days 00:01:17.879000,18.0,MEDIUM,4.0,77.879
BOT,Alfa Romeo,37.0,0 days 00:01:17.615000,19.0,MEDIUM,4.0,77.615
BOT,Alfa Romeo,38.0,0 days 00:01:17.876000,20.0,MEDIUM,4.0,77.876
ZHO,Alfa Romeo,4.0,0 days 00:01:21.539000,2.0,SOFT,3.0,81.539
ZHO,Alfa Romeo,5.0,0 days 00:01:18.239000,3.0,SOFT,3.0,78.239
ZHO,Alfa Romeo,6.0,0 days 00:01:17.289000,4.0,SOFT,3.0,77.289
ZHO,Alfa Romeo,7.0,0 days 00:01:17.106000,5.0,SOFT,3.0,77.106
ZHO,Alfa Romeo,8.0,0 days 00:01:16.881000,6.0,SOFT,3.0,76.881
ZHO,Alfa Romeo,9.0,0 days 00:01:16.977000,7.0,SOFT,3.0,76.977
ZHO,Alfa Romeo,10.0,0 days 00:01:16.752000,8.0,SOFT,3.0,76.752
ZHO,Alfa Romeo,11.0,0 days 00:01:17.043000,9.0,SOFT,3.0,77.043
ZHO,Alfa Romeo,12.0,0 days 00:01:17.567000,10.0,SOFT,3.0,77.567
ZHO,Alfa Romeo,13.0,0 days 00:01:17.642000,11.0,SOFT,3.0,77.642
ZHO,Alfa Romeo,14.0,0 days 00:01:17.484000,12.0,SOFT,3.0,77.484
ZHO,Alfa Romeo,17.0,0 days 00:01:16.232000,2.0,MEDIUM,4.0,76.232
ZHO,Alfa Romeo,18.0,0 days 00:01:16.639000,3.0,MEDIUM,4.0,76.639
ZHO,Alfa Romeo,19.0,0 days 00:01:17.406000,4.0,MEDIUM,4.0,77.406
ZHO,Alfa Romeo,20.0,0 days 00:01:16.914000,5.0,MEDIUM,4.0,76.914
ZHO,Alfa Romeo,21.0,0 days 00:01:16.767000,6.0,MEDIUM,4.0,76.767
